Dataset,Familia,Combinacion,n_rows,MAE,RMSE,DTW,SNR,LSD,COHERENCE_MEAN
bci_iv2a_real_s3,Baseline,bci_iv2a_real_s3 | aew | ica,120,0.19005979452320712,0.4714397813328147,2.72503489993399,7.011950322581711,2.412473499154225,0.8754198430886295
bci_iv2a_real_s3,Baseline,bci_iv2a_real_s3 | aew | linear,120,0.07438530404600155,0.20494544842379964,1.4357256955209856,15.960255810126553,2.2329168580850913,0.9670385694517658
bci_iv2a_real_s3,Baseline,bci_iv2a_real_s3 | aew | rbfi_tps,120,0.09431890887027641,0.24799478697586835,1.7353478362789538,13.580809671120168,2.261804549207683,0.9502819285060004
bci_iv2a_real_s3,Baseline,bci_iv2a_real_s3 | aew | spherical_spline,120,0.09431890887027641,0.24799478697586835,1.7353478362789538,13.580809671120168,2.261804549207683,0.9502819285060004
bci_iv2a_real_s3,Baseline,bci_iv2a_real_s3 | epsilon_ball | ica,120,0.19005979452320712,0.4714397813328147,2.72503489993399,7.011950322581711,2.412473499154225,0.8754198430886295
bci_iv2a_real_s3,Baseline,bci_iv2a_real_s3 | epsilon_ball | linear,120,0.07438530404600155,0.20494544842379964,1.4357256955209856,15.960255810126553,2.2329168580850913,0.9670385694517658
bci_iv2a_real_s3,Baseline,bci_iv2a_real_s3 | epsilon_ball | rbfi_tps,120,0.09431890887027641,0.24799478697586835,1.7353478362789538,13.580809671120168,2.261804549207683,0.9502819285060004
bci_iv2a_real_s3,Baseline,bci_iv2a_real_s3 | epsilon_ball | spherical_spline,120,0.09431890887027641,0.24799478697586835,1.7353478362789538,13.580809671120168,2.261804549207683,0.9502819285060004
bci_iv2a_real_s3,Baseline,bci_iv2a_real_s3 | kalofolias | ica,120,0.19005979452320712,0.4714397813328147,2.72503489993399,7.011950322581711,2.412473499154225,0.8754198430886295
bci_iv2a_real_s3,Baseline,bci_iv2a_real_s3 | kalofolias | linear,120,0.07438530404600155,0.20494544842379964,1.4357256955209856,15.960255810126553,2.2329168580850913,0.9670385694517658
bci_iv2a_real_s3,Baseline,bci_iv2a_real_s3 | kalofolias | rbfi_tps,120,0.09431890887027641,0.24799478697586835,1.7353478362789538,13.580809671120168,2.261804549207683,0.9502819285060004
bci_iv2a_real_s3,Baseline,bci_iv2a_real_s3 | kalofolias | spherical_spline,120,0.09431890887027641,0.24799478697586835,1.7353478362789538,13.580809671120168,2.261804549207683,0.9502819285060004
bci_iv2a_real_s3,Baseline,bci_iv2a_real_s3 | knn__k3 | ica,60,0.19005979452320712,0.4714397813328147,2.72503489993399,7.011950322581711,2.412473499154225,0.8754198430886295
bci_iv2a_real_s3,Baseline,bci_iv2a_real_s3 | knn__k3 | linear,60,0.07438530404600155,0.20494544842379964,1.4357256955209856,15.960255810126553,2.2329168580850913,0.9670385694517658
bci_iv2a_real_s3,Baseline,bci_iv2a_real_s3 | knn__k3 | rbfi_tps,60,0.09431890887027641,0.24799478697586835,1.7353478362789538,13.580809671120168,2.261804549207683,0.9502819285060004
bci_iv2a_real_s3,Baseline,bci_iv2a_real_s3 | knn__k3 | spherical_spline,60,0.09431890887027641,0.24799478697586835,1.7353478362789538,13.580809671120168,2.261804549207683,0.9502819285060004
bci_iv2a_real_s3,Baseline,bci_iv2a_real_s3 | knn__k5 | ica,60,0.19005979452320712,0.4714397813328147,2.72503489993399,7.011950322581711,2.412473499154225,0.8754198430886295
bci_iv2a_real_s3,Baseline,bci_iv2a_real_s3 | knn__k5 | linear,60,0.07438530404600155,0.20494544842379964,1.4357256955209856,15.960255810126553,2.2329168580850913,0.9670385694517658
bci_iv2a_real_s3,Baseline,bci_iv2a_real_s3 | knn__k5 | rbfi_tps,60,0.09431890887027641,0.24799478697586835,1.7353478362789538,13.580809671120168,2.261804549207683,0.9502819285060004
bci_iv2a_real_s3,Baseline,bci_iv2a_real_s3 | knn__k5 | spherical_spline,60,0.09431890887027641,0.24799478697586835,1.7353478362789538,13.580809671120168,2.261804549207683,0.9502819285060004
bci_iv2a_real_s3,Baseline,bci_iv2a_real_s3 | knn__k7 | ica,60,0.19005979452320712,0.4714397813328147,2.72503489993399,7.011950322581711,2.412473499154225,0.8754198430886295
bci_iv2a_real_s3,Baseline,bci_iv2a_real_s3 | knn__k7 | linear,60,0.07438530404600155,0.20494544842379964,1.4357256955209856,15.960255810126553,2.2329168580850913,0.9670385694517658
bci_iv2a_real_s3,Baseline,bci_iv2a_real_s3 | knn__k7 | rbfi_tps,60,0.09431890887027641,0.24799478697586835,1.7353478362789538,13.580809671120168,2.261804549207683,0.9502819285060004
bci_iv2a_real_s3,Baseline,bci_iv2a_real_s3 | knn__k7 | spherical_spline,60,0.09431890887027641,0.24799478697586835,1.7353478362789538,13.580809671120168,2.261804549207683,0.9502819285060004
bci_iv2a_real_s3,Baseline,bci_iv2a_real_s3 | knn__k9 | ica,60,0.19005979452320712,0.4714397813328147,2.72503489993399,7.011950322581711,2.412473499154225,0.8754198430886295
bci_iv2a_real_s3,Baseline,bci_iv2a_real_s3 | knn__k9 | linear,60,0.07438530404600155,0.20494544842379964,1.4357256955209856,15.960255810126553,2.2329168580850913,0.9670385694517658
bci_iv2a_real_s3,Baseline,bci_iv2a_real_s3 | knn__k9 | rbfi_tps,60,0.09431890887027641,0.24799478697586835,1.7353478362789538,13.580809671120168,2.261804549207683,0.9502819285060004
bci_iv2a_real_s3,Baseline,bci_iv2a_real_s3 | knn__k9 | spherical_spline,60,0.09431890887027641,0.24799478697586835,1.7353478362789538,13.580809671120168,2.261804549207683,0.9502819285060004
bci_iv2a_real_s3,Baseline,bci_iv2a_real_s3 | knng | ica,240,0.19005979452320712,0.4714397813328147,2.72503489993399,7.011950322581711,2.412473499154225,0.8754198430886295
bci_iv2a_real_s3,Baseline,bci_iv2a_real_s3 | knng | linear,240,0.07438530404600155,0.20494544842379964,1.4357256955209856,15.960255810126553,2.2329168580850913,0.9670385694517658
bci_iv2a_real_s3,Baseline,bci_iv2a_real_s3 | knng | rbfi_tps,240,0.09431890887027641,0.24799478697586835,1.7353478362789538,13.580809671120168,2.261804549207683,0.9502819285060004
bci_iv2a_real_s3,Baseline,bci_iv2a_real_s3 | knng | spherical_spline,240,0.09431890887027641,0.24799478697586835,1.7353478362789538,13.580809671120168,2.261804549207683,0.9502819285060004
bci_iv2a_real_s3,Baseline,bci_iv2a_real_s3 | nnk | ica,120,0.19005979452320712,0.4714397813328147,2.72503489993399,7.011950322581711,2.412473499154225,0.8754198430886295
bci_iv2a_real_s3,Baseline,bci_iv2a_real_s3 | nnk | linear,120,0.07438530404600155,0.20494544842379964,1.4357256955209856,15.960255810126553,2.2329168580850913,0.9670385694517658
bci_iv2a_real_s3,Baseline,bci_iv2a_real_s3 | nnk | rbfi_tps,120,0.09431890887027641,0.24799478697586835,1.7353478362789538,13.580809671120168,2.261804549207683,0.9502819285060004
bci_iv2a_real_s3,Baseline,bci_iv2a_real_s3 | nnk | spherical_spline,120,0.09431890887027641,0.24799478697586835,1.7353478362789538,13.580809671120168,2.261804549207683,0.9502819285060004
bci_iv2a_real_s3,Baseline,bci_iv2a_real_s3 | vknng | ica,180,0.19005979452320712,0.4714397813328148,2.72503489993399,7.011950322581711,2.412473499154225,0.8754198430886295
bci_iv2a_real_s3,Baseline,bci_iv2a_real_s3 | vknng | linear,180,0.07438530404600155,0.2049454484237996,1.4357256955209856,15.960255810126553,2.232916858085091,0.9670385694517658
bci_iv2a_real_s3,Baseline,bci_iv2a_real_s3 | vknng | rbfi_tps,180,0.09431890887027641,0.24799478697586835,1.7353478362789536,13.580809671120166,2.261804549207683,0.9502819285060004
bci_iv2a_real_s3,Baseline,bci_iv2a_real_s3 | vknng | spherical_spline,180,0.09431890887027641,0.24799478697586835,1.7353478362789536,13.580809671120166,2.261804549207683,0.9502819285060004
bci_iv2a_real_s3,GSP Instantáneo,bci_iv2a_real_s3 | aew | bgsrp,120,0.1763166457066097,0.6588840853269908,3.1370218322437364,11.484282557720132,2.321632156725267,0.8660445233689982
bci_iv2a_real_s3,GSP Instantáneo,bci_iv2a_real_s3 | aew | idw,120,0.09431890887027641,0.24799478697586835,1.7353478362789536,13.580809671120168,2.261804549207683,0.9502819285060002
bci_iv2a_real_s3,GSP Instantáneo,bci_iv2a_real_s3 | aew | sobolev,120,0.49578356135455437,0.6531703617739506,4.656326097123476,3.7536361722877847,2.419278789411171,0.873290929241419
bci_iv2a_real_s3,GSP Instantáneo,bci_iv2a_real_s3 | aew | tikhonov,120,4.982496135608553e+61,8.735923147163279e+62,1.863077077986909e+63,-83.22784349499946,13.518740036051396,0.8936473147552187
bci_iv2a_real_s3,GSP Instantáneo,bci_iv2a_real_s3 | epsilon_ball | bgsrp,120,0.09482077878892076,0.24819261235907925,1.726952191641864,13.55113247739846,2.2595936490844863,0.9508781146037418
bci_iv2a_real_s3,GSP Instantáneo,bci_iv2a_real_s3 | epsilon_ball | idw,120,0.09431890887027641,0.24799478697586835,1.7353478362789536,13.580809671120168,2.261804549207683,0.9502819285060002
bci_iv2a_real_s3,GSP Instantáneo,bci_iv2a_real_s3 | epsilon_ball | sobolev,120,0.5602238164421236,0.7015182314193901,5.421987799051251,3.151164466679684,2.267064614678312,0.7742147190674822
bci_iv2a_real_s3,GSP Instantáneo,bci_iv2a_real_s3 | epsilon_ball | tikhonov,120,0.2925279924052259,0.39577104020055576,2.9622419245036933,9.109557917191694,2.1821494900874217,0.849966493484077
bci_iv2a_real_s3,GSP Instantáneo,bci_iv2a_real_s3 | kalofolias | bgsrp,120,0.09577394375311093,0.2504928342842046,1.744876716591737,13.447740109658646,2.259587863342221,0.9499144704266483
bci_iv2a_real_s3,GSP Instantáneo,bci_iv2a_real_s3 | kalofolias | idw,120,0.09431890887027641,0.24799478697586835,1.7353478362789536,13.580809671120168,2.261804549207683,0.9502819285060002
bci_iv2a_real_s3,GSP Instantáneo,bci_iv2a_real_s3 | kalofolias | sobolev,120,0.5604967761742607,0.7018742106873248,5.42281295363336,3.1470879885046017,2.2695181574448053,0.7731902922618367
bci_iv2a_real_s3,GSP Instantáneo,bci_iv2a_real_s3 | kalofolias | tikhonov,120,0.3632829892760225,0.4859632524766679,3.433141614382316,7.359003670546291,2.1491964894584767,0.7859757867017018
bci_iv2a_real_s3,GSP Instantáneo,bci_iv2a_real_s3 | knn__k3 | bgsrp,60,0.09946196960915316,0.26158210698625745,1.8126776610873108,13.044270166580684,2.2689869747795144,0.9463266638783107
bci_iv2a_real_s3,GSP Instantáneo,bci_iv2a_real_s3 | knn__k3 | idw,60,0.09431890887027641,0.24799478697586835,1.7353478362789536,13.580809671120168,2.261804549207683,0.9502819285060002
bci_iv2a_real_s3,GSP Instantáneo,bci_iv2a_real_s3 | knn__k3 | sobolev,60,0.551219382370912,0.6900033213321601,5.391201111361541,3.2828341648641444,2.3043522291642207,0.8059661041548452
bci_iv2a_real_s3,GSP Instantáneo,bci_iv2a_real_s3 | knn__k3 | tikhonov,60,0.1783551208639623,0.28712683776216374,2.121819679101661,11.994951035426615,2.2396282884602843,0.9231411370688487
bci_iv2a_real_s3,GSP Instantáneo,bci_iv2a_real_s3 | knn__k5 | bgsrp,60,0.10056514041058466,0.26117029954289256,1.8295052178724356,12.916221114247161,2.271657302480883,0.9468438744548603
bci_iv2a_real_s3,GSP Instantáneo,bci_iv2a_real_s3 | knn__k5 | idw,60,0.09431890887027641,0.24799478697586835,1.7353478362789536,13.580809671120168,2.261804549207683,0.9502819285060002
bci_iv2a_real_s3,GSP Instantáneo,bci_iv2a_real_s3 | knn__k5 | sobolev,60,0.5565952766639201,0.6967562678573749,5.410959847262889,3.2042974268527127,2.286189624316364,0.7870204138190864
bci_iv2a_real_s3,GSP Instantáneo,bci_iv2a_real_s3 | knn__k5 | tikhonov,60,0.21386123047162917,0.31378533407770876,2.3614146136040928,11.10295266059646,2.2204696309970537,0.9049737720733819
bci_iv2a_real_s3,GSP Instantáneo,bci_iv2a_real_s3 | knn__k7 | bgsrp,60,0.09106446958400002,0.23437915879294063,1.6839576425520693,13.846244513707221,2.2558613215365115,0.9563320374218729
bci_iv2a_real_s3,GSP Instantáneo,bci_iv2a_real_s3 | knn__k7 | idw,60,0.09431890887027641,0.24799478697586835,1.7353478362789536,13.580809671120168,2.261804549207683,0.9502819285060002
bci_iv2a_real_s3,GSP Instantáneo,bci_iv2a_real_s3 | knn__k7 | sobolev,60,0.5584033308040464,0.6990846668002781,5.4164643299423885,3.177917525972816,2.2828815249455725,0.780131410203055
bci_iv2a_real_s3,GSP Instantáneo,bci_iv2a_real_s3 | knn__k7 | tikhonov,60,0.23571009518084807,0.33218742906955445,2.53052951156347,10.557327839430835,2.216461546832485,0.8895868670455945
bci_iv2a_real_s3,GSP Instantáneo,bci_iv2a_real_s3 | knn__k9 | bgsrp,60,0.09670375152692513,0.2542086762389558,1.7519229379231247,13.309767407715528,2.2630940728952096,0.9491013452182808
bci_iv2a_real_s3,GSP Instantáneo,bci_iv2a_real_s3 | knn__k9 | idw,60,0.09431890887027641,0.24799478697586835,1.7353478362789536,13.580809671120168,2.261804549207683,0.9502819285060002
bci_iv2a_real_s3,GSP Instantáneo,bci_iv2a_real_s3 | knn__k9 | sobolev,60,0.5592059554040645,0.7001534185701269,5.419125765968106,3.165906127995108,2.2752772278033286,0.7774059506962859
bci_iv2a_real_s3,GSP Instantáneo,bci_iv2a_real_s3 | knn__k9 | tikhonov,60,0.25254839909427307,0.3483776477100856,2.6669320782446975,10.092913386615724,2.202739556677025,0.8783595760851287
bci_iv2a_real_s3,GSP Instantáneo,bci_iv2a_real_s3 | knng | bgsrp,240,0.09763838730322275,0.254678418077087,1.7847045456497816,13.212751490278938,2.2663731433941057,0.9489573099083386
bci_iv2a_real_s3,GSP Instantáneo,bci_iv2a_real_s3 | knng | idw,240,0.09431890887027641,0.24799478697586835,1.7353478362789536,13.580809671120168,2.261804549207683,0.9502819285060002
bci_iv2a_real_s3,GSP Instantáneo,bci_iv2a_real_s3 | knng | sobolev,240,0.5543593430524475,0.6939618943304934,5.40245659998209,3.2369708206384544,2.2944439018975946,0.7947710080829579
bci_iv2a_real_s3,GSP Instantáneo,bci_iv2a_real_s3 | knng | tikhonov,240,0.20157039184510048,0.3050566096678977,2.283895870842721,11.41254564272013,2.2290469386875267,0.9102107283141686
bci_iv2a_real_s3,GSP Instantáneo,bci_iv2a_real_s3 | nnk | bgsrp,120,0.11077797136054625,0.29467445261158765,1.9600957774681873,12.285363642487399,2.291544352302945,0.9338360828297562
bci_iv2a_real_s3,GSP Instantáneo,bci_iv2a_real_s3 | nnk | idw,120,0.09431890887027641,0.24799478697586835,1.7353478362789536,13.580809671120168,2.261804549207683,0.9502819285060002
bci_iv2a_real_s3,GSP Instantáneo,bci_iv2a_real_s3 | nnk | sobolev,120,0.5318085687975214,0.6674701113148747,5.245858348509005,3.555448742893126,2.3520845931837955,0.865082496590216
bci_iv2a_real_s3,GSP Instantáneo,bci_iv2a_real_s3 | nnk | tikhonov,120,0.13918752041256374,0.2773340154511134,1.8956069703800233,12.74399798726977,2.2529441508922807,0.9322640654482046
bci_iv2a_real_s3,GSP Instantáneo,bci_iv2a_real_s3 | vknng | bgsrp,180,0.10884331540049395,0.28835856375614105,1.950553149940352,12.332787370749662,2.283408400661971,0.9381263529008728
bci_iv2a_real_s3,GSP Instantáneo,bci_iv2a_real_s3 | vknng | idw,180,0.09431890887027641,0.24799478697586835,1.7353478362789536,13.58080967112017,2.261804549207683,0.9502819285060002
bci_iv2a_real_s3,GSP Instantáneo,bci_iv2a_real_s3 | vknng | sobolev,180,0.5449046151109034,0.6822109943777944,5.358823284599955,3.3753846959176914,2.3251410594359014,0.8282414848457894
bci_iv2a_real_s3,GSP Instantáneo,bci_iv2a_real_s3 | vknng | tikhonov,180,0.15938807673277774,0.27843832530945894,2.013725389117808,12.390116140551608,2.249254570164727,0.9300044843886296
bci_iv2a_real_s3,TV/Tiempo,bci_iv2a_real_s3 | aew | temporal_laplacian,120,0.11931834983085053,0.3095380961321778,1.9877018484872815,11.047225106231025,2.3494312650436395,0.9254256621042558
bci_iv2a_real_s3,TV/Tiempo,bci_iv2a_real_s3 | aew | trss,120,0.19336209510446073,0.4776859275576308,2.751371102616554,6.836004844589893,2.41580201592421,0.8726975455052167
bci_iv2a_real_s3,TV/Tiempo,bci_iv2a_real_s3 | aew | tv,120,1.8132904712259191e+59,3.510033705828001e+60,6.752919935712826e+60,-54.64775448016857,10.340864548087378,0.9286123651156382
bci_iv2a_real_s3,TV/Tiempo,bci_iv2a_real_s3 | epsilon_ball | temporal_laplacian,120,0.09013885650179845,0.23744162815746497,1.6741337740831002,14.026989316548297,2.2612253972876433,0.9534006359268479
bci_iv2a_real_s3,TV/Tiempo,bci_iv2a_real_s3 | epsilon_ball | trss,120,0.07523089522083959,0.19896593875293114,1.4461960988536675,15.782485165148929,2.2399511697218615,0.9645097588621608
bci_iv2a_real_s3,TV/Tiempo,bci_iv2a_real_s3 | epsilon_ball | tv,120,0.09429316062811335,0.2479187821144942,1.7347987049807791,13.586740605128913,2.261693442485028,0.9502971476088079
bci_iv2a_real_s3,TV/Tiempo,bci_iv2a_real_s3 | kalofolias | temporal_laplacian,120,0.13801930260409953,0.3630942726486508,2.3691648168992194,10.151980877661295,2.330925282076703,0.9110100770227673
bci_iv2a_real_s3,TV/Tiempo,bci_iv2a_real_s3 | kalofolias | trss,120,0.11617600646379823,0.3004108678363753,2.036287397671494,11.979095128028147,2.3058028407552174,0.9336903915079977
bci_iv2a_real_s3,TV/Tiempo,bci_iv2a_real_s3 | kalofolias | tv,120,0.09432524141640261,0.2480020855050454,1.7354786576822037,13.579379861897959,2.261842790157449,0.9502835234683457
bci_iv2a_real_s3,TV/Tiempo,bci_iv2a_real_s3 | knn__k3 | temporal_laplacian,60,0.09396721645993754,0.241822135695997,1.7189478225608368,13.51337731285779,2.290463446217886,0.9519560530803062
bci_iv2a_real_s3,TV/Tiempo,bci_iv2a_real_s3 | knn__k3 | trss,60,0.0880927223504751,0.22824084955981505,1.6667879971195205,14.205304838022094,2.270495568580992,0.9553931579721484
bci_iv2a_real_s3,TV/Tiempo,bci_iv2a_real_s3 | knn__k3 | tv,60,0.09431799290665085,0.24799570473824387,1.7355522373178027,13.58488111535423,2.2609694622367558,0.9502775112043171
bci_iv2a_real_s3,TV/Tiempo,bci_iv2a_real_s3 | knn__k5 | temporal_laplacian,60,0.09482574496561916,0.24399703418552943,1.7717896872467553,13.44941915309145,2.2805071872834985,0.9519591244711417
bci_iv2a_real_s3,TV/Tiempo,bci_iv2a_real_s3 | knn__k5 | trss,60,0.08580850360870122,0.22213667512651816,1.6314472066248222,14.471693462598193,2.264996953749383,0.9584229294669944
bci_iv2a_real_s3,TV/Tiempo,bci_iv2a_real_s3 | knn__k5 | tv,60,0.09435243311082206,0.2480450173859355,1.7361143382135515,13.57892896696991,2.2611110617735357,0.9502743169052632
bci_iv2a_real_s3,TV/Tiempo,bci_iv2a_real_s3 | knn__k7 | temporal_laplacian,60,0.0923575407908525,0.23891809387879587,1.7041004211442174,13.762828724393097,2.270728648395561,0.9526142581264442
bci_iv2a_real_s3,TV/Tiempo,bci_iv2a_real_s3 | knn__k7 | trss,60,0.08127658557073773,0.21175651194126296,1.5509229255038215,15.026195454050553,2.257721918770818,0.9604510904239907
bci_iv2a_real_s3,TV/Tiempo,bci_iv2a_real_s3 | knn__k7 | tv,60,0.09432326955989587,0.24799567663428204,1.7354798174920043,13.583172620686781,2.2603946516826,0.9502754022473667
bci_iv2a_real_s3,TV/Tiempo,bci_iv2a_real_s3 | knn__k9 | temporal_laplacian,60,0.09234334361895194,0.24037189585453053,1.7066970704235458,13.802754927134451,2.2676454449134575,0.9518522447141364
bci_iv2a_real_s3,TV/Tiempo,bci_iv2a_real_s3 | knn__k9 | trss,60,0.07985022843933143,0.20942487018223221,1.5292182949976103,15.22661718661845,2.252536025995244,0.9609062072116017
bci_iv2a_real_s3,TV/Tiempo,bci_iv2a_real_s3 | knn__k9 | tv,60,0.09432469863202105,0.24800505421917005,1.7355030355204533,13.583111838327028,2.2614252621221764,0.9502691524640163
bci_iv2a_real_s3,TV/Tiempo,bci_iv2a_real_s3 | knng | temporal_laplacian,240,0.09377942966908667,0.24163984986407983,1.7284464383781615,13.559750625800032,2.283040682028708,0.9521213721895496
bci_iv2a_real_s3,TV/Tiempo,bci_iv2a_real_s3 | knng | trss,240,0.08581763347009728,0.2225937215468528,1.6289865315919212,14.477124648173234,2.265927502420546,0.9574150839588206
bci_iv2a_real_s3,TV/Tiempo,bci_iv2a_real_s3 | knng | tv,240,0.09432792212100491,0.24800802587417634,1.7356746575852904,13.582965954591288,2.2608611594824115,0.950276185390316
bci_iv2a_real_s3,TV/Tiempo,bci_iv2a_real_s3 | nnk | temporal_laplacian,120,0.09522621619558226,0.24831976008742435,1.726837322444839,13.385423774744407,2.2975171006739634,0.9497512203817344
bci_iv2a_real_s3,TV/Tiempo,bci_iv2a_real_s3 | nnk | trss,120,0.08466688331367708,0.2264592738495643,1.5582496019307408,14.8610716515764,2.252195195425339,0.953657760373526
bci_iv2a_real_s3,TV/Tiempo,bci_iv2a_real_s3 | nnk | tv,120,0.09412753074265975,0.24872832531724537,1.728667100190861,13.648627096130456,2.2614425780598357,0.9497549336902779
bci_iv2a_real_s3,TV/Tiempo,bci_iv2a_real_s3 | vknng | temporal_laplacian,180,0.0952570529599332,0.24328078089312877,1.7490595762502998,13.326667844355395,2.2926922102471328,0.951973115425097
bci_iv2a_real_s3,TV/Tiempo,bci_iv2a_real_s3 | vknng | trss,180,0.09208915456318997,0.23552169672244097,1.7309324929437517,13.774736012823183,2.2728542422385227,0.9542870878409322
bci_iv2a_real_s3,TV/Tiempo,bci_iv2a_real_s3 | vknng | tv,180,0.09434689095860407,0.24800494315890229,1.7361494924629974,13.580454561160726,2.2607896499862683,0.9502935101722534
iris_graph_signal,Baseline,iris_graph_signal | aew | ica,60,0.19600239162454622,0.446483739926877,2.6071132593454087,7.942683566459032,3.3475983592254455,
iris_graph_signal,Baseline,iris_graph_signal | aew | linear,60,0.22741211369605135,0.553006472041697,3.522632517800201,7.060247481032437,3.4005221103089274,
iris_graph_signal,Baseline,iris_graph_signal | aew | rbfi_tps,60,3.2451634357984847,8.102929472173,75.03284823218114,-7.5848799748893105,4.189288077336272,
iris_graph_signal,Baseline,iris_graph_signal | aew | spherical_spline,60,0.1892763462254073,0.4705468152729948,2.707532230943481,8.703384694622777,3.3040534383631504,
iris_graph_signal,Baseline,iris_graph_signal | epsilon_ball | ica,60,0.19600239162454622,0.446483739926877,2.6071132593454087,7.942683566459032,3.3475983592254455,
iris_graph_signal,Baseline,iris_graph_signal | epsilon_ball | linear,60,0.22741211369605135,0.553006472041697,3.522632517800201,7.060247481032437,3.4005221103089274,
iris_graph_signal,Baseline,iris_graph_signal | epsilon_ball | rbfi_tps,60,3.2451634357984847,8.102929472173,75.03284823218114,-7.5848799748893105,4.189288077336272,
iris_graph_signal,Baseline,iris_graph_signal | epsilon_ball | spherical_spline,60,0.1892763462254073,0.4705468152729948,2.707532230943481,8.703384694622777,3.3040534383631504,
iris_graph_signal,Baseline,iris_graph_signal | kalofolias | ica,60,0.19600239162454622,0.446483739926877,2.6071132593454087,7.942683566459032,3.3475983592254455,
iris_graph_signal,Baseline,iris_graph_signal | kalofolias | linear,60,0.22741211369605135,0.553006472041697,3.522632517800201,7.060247481032437,3.4005221103089274,
iris_graph_signal,Baseline,iris_graph_signal | kalofolias | rbfi_tps,60,3.2451634357984847,8.102929472173,75.03284823218114,-7.5848799748893105,4.189288077336272,
iris_graph_signal,Baseline,iris_graph_signal | kalofolias | spherical_spline,60,0.1892763462254073,0.4705468152729948,2.707532230943481,8.703384694622777,3.3040534383631504,
iris_graph_signal,Baseline,iris_graph_signal | nnk | ica,60,0.19600239162454622,0.446483739926877,2.6071132593454087,7.942683566459032,3.3475983592254455,
iris_graph_signal,Baseline,iris_graph_signal | nnk | linear,60,0.22741211369605135,0.553006472041697,3.522632517800201,7.060247481032437,3.4005221103089274,
iris_graph_signal,Baseline,iris_graph_signal | nnk | rbfi_tps,60,3.2451634357984847,8.102929472173,75.03284823218114,-7.5848799748893105,4.189288077336272,
iris_graph_signal,Baseline,iris_graph_signal | nnk | spherical_spline,60,0.1892763462254073,0.4705468152729948,2.707532230943481,8.703384694622777,3.3040534383631504,
iris_graph_signal,Baseline,iris_graph_signal | vknng | ica,90,0.19600239162454622,0.44648373992687695,2.6071132593454087,7.9426835664590305,3.347598359225446,
iris_graph_signal,Baseline,iris_graph_signal | vknng | linear,90,0.22741211369605135,0.5530064720416971,3.5226325178002007,7.060247481032437,3.4005221103089274,
iris_graph_signal,Baseline,iris_graph_signal | vknng | rbfi_tps,90,3.245163435798485,8.102929472173,75.03284823218114,-7.5848799748893105,4.189288077336272,
iris_graph_signal,Baseline,iris_graph_signal | vknng | spherical_spline,90,0.1892763462254073,0.4705468152729948,2.707532230943481,8.703384694622777,3.304053438363151,
iris_graph_signal,GSP Instantáneo,iris_graph_signal | aew | bgsrp,60,0.20659265747768835,0.6392309428371843,3.1190885213333437,10.232457221472918,3.3121329075577584,
iris_graph_signal,GSP Instantáneo,iris_graph_signal | aew | idw,60,0.18858176066312946,0.4711892223929131,2.6884121397164917,8.86881906489928,3.339264567370422,
iris_graph_signal,GSP Instantáneo,iris_graph_signal | aew | sobolev,60,0.5429588812926994,0.6800920843938392,4.457681556060688,3.389816900927543,3.2952581603994395,
iris_graph_signal,GSP Instantáneo,iris_graph_signal | aew | tikhonov,60,0.14605214167556063,0.402816253646784,1.9941840061405158,11.842903213663806,3.2673526583165615,
iris_graph_signal,GSP Instantáneo,iris_graph_signal | epsilon_ball | bgsrp,60,0.2136270056182847,0.4994418099280663,2.9456287345120775,7.799588759221016,3.3565352284864285,
iris_graph_signal,GSP Instantáneo,iris_graph_signal | epsilon_ball | idw,60,0.18858176066312946,0.4711892223929131,2.6884121397164917,8.86881906489928,3.339264567370422,
iris_graph_signal,GSP Instantáneo,iris_graph_signal | epsilon_ball | sobolev,60,0.5429598888410021,0.6800945759806706,4.4576721453522055,3.389786246802518,3.2952585696130585,
iris_graph_signal,GSP Instantáneo,iris_graph_signal | epsilon_ball | tikhonov,60,0.1892763462254073,0.4705468152729948,2.707532230943481,8.703384694622777,3.3040534383631504,
iris_graph_signal,GSP Instantáneo,iris_graph_signal | kalofolias | bgsrp,60,0.1986725495872356,0.46935290157326215,2.713628118829957,8.465207305589827,3.3083971346172745,
iris_graph_signal,GSP Instantáneo,iris_graph_signal | kalofolias | idw,60,0.18858176066312946,0.4711892223929131,2.6884121397164917,8.86881906489928,3.339264567370422,
iris_graph_signal,GSP Instantáneo,iris_graph_signal | kalofolias | sobolev,60,0.6837685102328023,0.8205237717971375,5.970934263450035,1.9330546500341108,3.314874981446043,
iris_graph_signal,GSP Instantáneo,iris_graph_signal | kalofolias | tikhonov,60,0.543229959708902,0.7356418300348481,4.40906666955936,4.3025210545669585,3.277914894752647,
iris_graph_signal,GSP Instantáneo,iris_graph_signal | nnk | bgsrp,60,0.24025584803111494,0.5670955669129689,3.541967851264236,6.834913936584517,3.368820210503127,
iris_graph_signal,GSP Instantáneo,iris_graph_signal | nnk | idw,60,0.18858176066312946,0.4711892223929131,2.6884121397164917,8.86881906489928,3.339264567370422,
iris_graph_signal,GSP Instantáneo,iris_graph_signal | nnk | sobolev,60,0.6267659698840772,0.7514962619398815,5.4388447461897425,2.608671589239625,3.311720650661711,
iris_graph_signal,GSP Instantáneo,iris_graph_signal | nnk | tikhonov,60,0.23230494713562497,0.49198836953865993,2.8219425128240103,8.659204707043306,3.3577919214745506,
iris_graph_signal,GSP Instantáneo,iris_graph_signal | vknng | bgsrp,90,0.21465075556682664,0.5072104227828091,2.922298967544965,7.519016212831074,3.3622235518606316,
iris_graph_signal,GSP Instantáneo,iris_graph_signal | vknng | idw,90,0.18858176066312946,0.4711892223929131,2.688412139716492,8.86881906489928,3.3392645673704227,
iris_graph_signal,GSP Instantáneo,iris_graph_signal | vknng | sobolev,90,0.675741948596559,0.8104087692566376,5.919596375321084,2.025927147224311,3.305987686942654,
iris_graph_signal,GSP Instantáneo,iris_graph_signal | vknng | tikhonov,90,0.3074925254026667,0.5081470107303842,2.936897012645399,7.864298392067544,3.292867881723212,
iris_graph_signal,TV/Tiempo,iris_graph_signal | aew | temporal_laplacian,60,0.10406156383097863,0.30184828254583684,1.4390025010780303,16.94484658852465,3.241026497275221,
iris_graph_signal,TV/Tiempo,iris_graph_signal | aew | trss,60,0.242636814201718,0.531636419550301,3.267450962289405,5.713218195045687,3.3813411675940874,
iris_graph_signal,TV/Tiempo,iris_graph_signal | aew | tv,60,0.14605113210817003,0.4028168615233844,1.994225880933882,11.842622080157613,3.2673460662735514,
iris_graph_signal,TV/Tiempo,iris_graph_signal | epsilon_ball | temporal_laplacian,60,0.10406219224386044,0.3018491813815764,1.4390080600940856,16.9447891421718,3.241017806313219,
iris_graph_signal,TV/Tiempo,iris_graph_signal | epsilon_ball | trss,60,0.24264525639606585,0.5316546400393956,3.2675739609369403,5.712921913804552,3.3813490286192565,
iris_graph_signal,TV/Tiempo,iris_graph_signal | epsilon_ball | tv,60,0.1892763462254073,0.4705468152729948,2.707532230943481,8.703384694622777,3.3040534383631504,
iris_graph_signal,TV/Tiempo,iris_graph_signal | kalofolias | temporal_laplacian,60,0.17076411969543032,0.4567476142081767,2.365108697587798,10.375384589357326,3.263626761349339,
iris_graph_signal,TV/Tiempo,iris_graph_signal | kalofolias | trss,60,0.14489871259925294,0.3810059554007772,2.0163903909530023,11.429932233578542,3.2564586744982504,
iris_graph_signal,TV/Tiempo,iris_graph_signal | kalofolias | tv,60,0.1892732825020253,0.47054176729594704,2.707473321932545,8.703642039131106,3.304052960752864,
iris_graph_signal,TV/Tiempo,iris_graph_signal | nnk | temporal_laplacian,60,0.11943603826463144,0.31567490416844335,1.6927920180018485,12.850881700321427,3.2865449153001705,
iris_graph_signal,TV/Tiempo,iris_graph_signal | nnk | trss,60,0.16639282702407032,0.41357111081361086,2.41336395635131,9.872532976948618,3.3150914543408745,
iris_graph_signal,TV/Tiempo,iris_graph_signal | nnk | tv,60,0.1839776639242721,0.46178293708160445,2.597813947906644,9.172174028528472,3.329856249215526,
iris_graph_signal,TV/Tiempo,iris_graph_signal | vknng | temporal_laplacian,90,0.1506303128748351,0.38144955551873383,2.123170426005756,10.56184742261348,3.2978144392660838,
iris_graph_signal,TV/Tiempo,iris_graph_signal | vknng | trss,90,0.15783353497329494,0.3923433111360485,2.2724852913424445,10.043396120464555,3.2706807918872123,
iris_graph_signal,TV/Tiempo,iris_graph_signal | vknng | tv,90,0.1877135487224045,0.46786007798542584,2.6780747804636382,8.844241656533471,3.3029809340213117,
mne_sample,Baseline,mne_sample | aew | ica,60,0.19119869142899265,0.4745895463904036,3.0095131518508316,6.894789881960967,2.6358015368966066,0.7861393167157872
mne_sample,Baseline,mne_sample | aew | linear,60,0.04928396188347873,0.13115138840390245,0.8698576034099096,19.341224968767772,2.253657034812307,0.9568100700822287
mne_sample,Baseline,mne_sample | aew | rbfi_tps,60,0.037973087133076615,0.10929375298370762,0.6791812799847444,22.484744809381322,2.2110689504892123,0.9732868173162514
mne_sample,Baseline,mne_sample | aew | spherical_spline,60,0.04612296398502456,0.13777304924614364,0.81522419675402,20.99162524898239,2.2380886868319334,0.9636017759626215
mne_sample,Baseline,mne_sample | epsilon_ball | ica,60,0.19119869142899265,0.4745895463904036,3.0095131518508316,6.894789881960967,2.6358015368966066,0.7861393167157872
mne_sample,Baseline,mne_sample | epsilon_ball | linear,60,0.04928396188347873,0.13115138840390245,0.8698576034099096,19.341224968767772,2.253657034812307,0.9568100700822287
mne_sample,Baseline,mne_sample | epsilon_ball | rbfi_tps,60,0.037973087133076615,0.10929375298370762,0.6791812799847444,22.484744809381322,2.2110689504892123,0.9732868173162514
mne_sample,Baseline,mne_sample | epsilon_ball | spherical_spline,60,0.04612296398502456,0.13777304924614364,0.81522419675402,20.99162524898239,2.2380886868319334,0.9636017759626215
mne_sample,Baseline,mne_sample | kalofolias | ica,60,0.19119869142899265,0.4745895463904036,3.0095131518508316,6.894789881960967,2.6358015368966066,0.7861393167157872
mne_sample,Baseline,mne_sample | kalofolias | linear,60,0.04928396188347873,0.13115138840390245,0.8698576034099096,19.341224968767772,2.253657034812307,0.9568100700822287
mne_sample,Baseline,mne_sample | kalofolias | rbfi_tps,60,0.037973087133076615,0.10929375298370762,0.6791812799847444,22.484744809381322,2.2110689504892123,0.9732868173162514
mne_sample,Baseline,mne_sample | kalofolias | spherical_spline,60,0.04612296398502456,0.13777304924614364,0.81522419675402,20.99162524898239,2.2380886868319334,0.9636017759626215
mne_sample,Baseline,mne_sample | knn__k3 | ica,30,0.19119869142899265,0.4745895463904036,3.0095131518508316,6.894789881960967,2.6358015368966066,0.7861393167157872
mne_sample,Baseline,mne_sample | knn__k3 | linear,30,0.04928396188347873,0.13115138840390245,0.8698576034099096,19.341224968767772,2.253657034812307,0.9568100700822287
mne_sample,Baseline,mne_sample | knn__k3 | rbfi_tps,30,0.037973087133076615,0.10929375298370762,0.6791812799847444,22.484744809381322,2.2110689504892123,0.9732868173162514
mne_sample,Baseline,mne_sample | knn__k3 | spherical_spline,30,0.04612296398502456,0.13777304924614364,0.81522419675402,20.99162524898239,2.2380886868319334,0.9636017759626215
mne_sample,Baseline,mne_sample | knn__k5 | ica,30,0.19119869142899265,0.4745895463904036,3.0095131518508316,6.894789881960967,2.6358015368966066,0.7861393167157872
mne_sample,Baseline,mne_sample | knn__k5 | linear,30,0.04928396188347873,0.13115138840390245,0.8698576034099096,19.341224968767772,2.253657034812307,0.9568100700822287
mne_sample,Baseline,mne_sample | knn__k5 | rbfi_tps,30,0.037973087133076615,0.10929375298370762,0.6791812799847444,22.484744809381322,2.2110689504892123,0.9732868173162514
mne_sample,Baseline,mne_sample | knn__k5 | spherical_spline,30,0.04612296398502456,0.13777304924614364,0.81522419675402,20.99162524898239,2.2380886868319334,0.9636017759626215
mne_sample,Baseline,mne_sample | knn__k7 | ica,30,0.19119869142899265,0.4745895463904036,3.0095131518508316,6.894789881960967,2.6358015368966066,0.7861393167157872
mne_sample,Baseline,mne_sample | knn__k7 | linear,30,0.04928396188347873,0.13115138840390245,0.8698576034099096,19.341224968767772,2.253657034812307,0.9568100700822287
mne_sample,Baseline,mne_sample | knn__k7 | rbfi_tps,30,0.037973087133076615,0.10929375298370762,0.6791812799847444,22.484744809381322,2.2110689504892123,0.9732868173162514
mne_sample,Baseline,mne_sample | knn__k7 | spherical_spline,30,0.04612296398502456,0.13777304924614364,0.81522419675402,20.99162524898239,2.2380886868319334,0.9636017759626215
mne_sample,Baseline,mne_sample | knn__k9 | ica,30,0.19119869142899265,0.4745895463904036,3.0095131518508316,6.894789881960967,2.6358015368966066,0.7861393167157872
mne_sample,Baseline,mne_sample | knn__k9 | linear,30,0.04928396188347873,0.13115138840390245,0.8698576034099096,19.341224968767772,2.253657034812307,0.9568100700822287
mne_sample,Baseline,mne_sample | knn__k9 | rbfi_tps,30,0.037973087133076615,0.10929375298370762,0.6791812799847444,22.484744809381322,2.2110689504892123,0.9732868173162514
mne_sample,Baseline,mne_sample | knn__k9 | spherical_spline,30,0.04612296398502456,0.13777304924614364,0.81522419675402,20.99162524898239,2.2380886868319334,0.9636017759626215
mne_sample,Baseline,mne_sample | knng | ica,120,0.19119869142899265,0.4745895463904036,3.0095131518508316,6.894789881960967,2.6358015368966066,0.7861393167157872
mne_sample,Baseline,mne_sample | knng | linear,120,0.04928396188347873,0.13115138840390245,0.8698576034099096,19.341224968767772,2.253657034812307,0.9568100700822287
mne_sample,Baseline,mne_sample | knng | rbfi_tps,120,0.037973087133076615,0.10929375298370762,0.6791812799847444,22.484744809381322,2.2110689504892123,0.9732868173162514
mne_sample,Baseline,mne_sample | knng | spherical_spline,120,0.04612296398502456,0.13777304924614364,0.81522419675402,20.99162524898239,2.2380886868319334,0.9636017759626215
mne_sample,Baseline,mne_sample | nnk | ica,60,0.19119869142899265,0.4745895463904036,3.0095131518508316,6.894789881960967,2.6358015368966066,0.7861393167157872
mne_sample,Baseline,mne_sample | nnk | linear,60,0.04928396188347873,0.13115138840390245,0.8698576034099096,19.341224968767772,2.253657034812307,0.9568100700822287
mne_sample,Baseline,mne_sample | nnk | rbfi_tps,60,0.037973087133076615,0.10929375298370762,0.6791812799847444,22.484744809381322,2.2110689504892123,0.9732868173162514
mne_sample,Baseline,mne_sample | nnk | spherical_spline,60,0.04612296398502456,0.13777304924614364,0.81522419675402,20.99162524898239,2.2380886868319334,0.9636017759626215
mne_sample,Baseline,mne_sample | vknng | ica,90,0.19119869142899262,0.47458954639040357,3.0095131518508316,6.894789881960967,2.635801536896606,0.7861393167157871
mne_sample,Baseline,mne_sample | vknng | linear,90,0.04928396188347873,0.13115138840390245,0.8698576034099096,19.341224968767772,2.253657034812307,0.9568100700822288
mne_sample,Baseline,mne_sample | vknng | rbfi_tps,90,0.03797308713307662,0.10929375298370761,0.6791812799847443,22.48474480938132,2.2110689504892123,0.9732868173162513
mne_sample,Baseline,mne_sample | vknng | spherical_spline,90,0.04612296398502455,0.13777304924614364,0.81522419675402,20.991625248982388,2.2380886868319334,0.9636017759626215
mne_sample,GSP Instantáneo,mne_sample | aew | bgsrp,60,0.16161370873903516,0.48590273199775197,2.4764705117698385,10.652562665370734,2.593951855576779,0.7643735140797002
mne_sample,GSP Instantáneo,mne_sample | aew | idw,60,0.03892809935155729,0.1051808693577754,0.730316610060126,21.322817317003352,2.210735561017725,0.9729107575935471
mne_sample,GSP Instantáneo,mne_sample | aew | sobolev,60,0.4974412066067319,0.6531034609951178,4.523577986047633,3.7519261699603983,2.4602579468763257,0.7849892273277621
mne_sample,GSP Instantáneo,mne_sample | aew | tikhonov,60,0.03772653436484042,0.10355538840679887,0.70481547855085,21.822177597071,2.203045121408479,0.9729309946723439
mne_sample,GSP Instantáneo,mne_sample | epsilon_ball | bgsrp,60,0.09323280237416705,0.22852234770550775,1.3901817288391258,13.30680947250629,2.4960065875416433,0.8487969725491901
mne_sample,GSP Instantáneo,mne_sample | epsilon_ball | idw,60,0.03892809935155729,0.1051808693577754,0.730316610060126,21.322817317003352,2.210735561017725,0.9729107575935471
mne_sample,GSP Instantáneo,mne_sample | epsilon_ball | sobolev,60,0.4895233160353001,0.6120554089797196,4.944347953599471,4.279653745206876,2.23793761846254,0.6745530005711806
mne_sample,GSP Instantáneo,mne_sample | epsilon_ball | tikhonov,60,0.1592119274101849,0.21269341750138113,1.539898180320409,14.030230922928743,2.1526291435126246,0.7978713117050835
mne_sample,GSP Instantáneo,mne_sample | kalofolias | bgsrp,60,0.09540018560495399,0.23167920982954351,1.4134173223284816,13.176183505047698,2.499126711839992,0.8461770313678171
mne_sample,GSP Instantáneo,mne_sample | kalofolias | idw,60,0.03892809935155729,0.1051808693577754,0.730316610060126,21.322817317003352,2.210735561017725,0.9729107575935471
mne_sample,GSP Instantáneo,mne_sample | kalofolias | sobolev,60,0.4895724940653116,0.6121182715827104,4.943953796038536,4.2787412118520205,2.23827972041624,0.67287954410164
mne_sample,GSP Instantáneo,mne_sample | kalofolias | tikhonov,60,0.20400379579466885,0.2683359841327851,1.830742309334504,11.996590481795781,2.1272039892103907,0.6736706708812352
mne_sample,GSP Instantáneo,mne_sample | knn__k3 | bgsrp,30,0.08480609065141324,0.21901272658973664,1.3057785404728648,13.736832588551582,2.485156951655458,0.8572667479582379
mne_sample,GSP Instantáneo,mne_sample | knn__k3 | idw,30,0.03892809935155729,0.1051808693577754,0.730316610060126,21.322817317003352,2.210735561017725,0.9729107575935471
mne_sample,GSP Instantáneo,mne_sample | knn__k3 | sobolev,30,0.4804819498945741,0.6019538480253601,4.860143801391031,4.427578896057086,2.299380252522495,0.8377799467731987
mne_sample,GSP Instantáneo,mne_sample | knn__k3 | tikhonov,30,0.06475743132151442,0.11190807214483747,0.7969022692578923,20.801424656179982,2.177060340188221,0.9588977976264973
mne_sample,GSP Instantáneo,mne_sample | knn__k5 | bgsrp,30,0.08304117323497326,0.21618778506126887,1.2852148712182256,13.832280860368334,2.4832779544714874,0.8587121986622541
mne_sample,GSP Instantáneo,mne_sample | knn__k5 | idw,30,0.03892809935155729,0.1051808693577754,0.730316610060126,21.322817317003352,2.210735561017725,0.9729107575935471
mne_sample,GSP Instantáneo,mne_sample | knn__k5 | sobolev,30,0.4846899171004228,0.6062302431092338,4.928601772691466,4.363648839617942,2.271037488463073,0.7635861503386177
mne_sample,GSP Instantáneo,mne_sample | knn__k5 | tikhonov,30,0.08187780003060126,0.1249047161448298,0.9232933899768168,19.208761685515626,2.1640149680349428,0.9427993101086842
mne_sample,GSP Instantáneo,mne_sample | knn__k7 | bgsrp,30,0.0842417122011958,0.21696810498735053,1.2965727955185677,13.77922096619309,2.48469274840245,0.8574928007767763
mne_sample,GSP Instantáneo,mne_sample | knn__k7 | idw,30,0.03892809935155729,0.1051808693577754,0.730316610060126,21.322817317003352,2.210735561017725,0.9729107575935471
mne_sample,GSP Instantáneo,mne_sample | knn__k7 | sobolev,30,0.48698885731634406,0.6088834293439954,4.939186786760672,4.3250762428270795,2.245458470735029,0.722317775445506
mne_sample,GSP Instantáneo,mne_sample | knn__k7 | tikhonov,30,0.0963769349811555,0.13912659688604753,1.0450720655904866,17.967116791559096,2.1621369634291123,0.9221342166244142
mne_sample,GSP Instantáneo,mne_sample | knn__k9 | bgsrp,30,0.08624470340120843,0.219128924848576,1.3136940666306391,13.684327214126181,2.486326669205093,0.8564472425092645
mne_sample,GSP Instantáneo,mne_sample | knn__k9 | idw,30,0.03892809935155729,0.1051808693577754,0.730316610060126,21.322817317003352,2.210735561017725,0.9729107575935471
mne_sample,GSP Instantáneo,mne_sample | knn__k9 | sobolev,30,0.4883455810114411,0.6105849279294536,4.942523631187425,4.3006505011981355,2.240693324306441,0.697047027472974
mne_sample,GSP Instantáneo,mne_sample | knn__k9 | tikhonov,30,0.11036512803907834,0.15441958516379684,1.1625801087335381,16.91563368822976,2.1610504660521643,0.9009975871206396
mne_sample,GSP Instantáneo,mne_sample | knng | bgsrp,120,0.08421903588477316,0.21779324980151754,1.298310226860181,13.77143195260357,2.4845718869530566,0.8576840247825464
mne_sample,GSP Instantáneo,mne_sample | knng | idw,120,0.03892809935155729,0.1051808693577754,0.730316610060126,21.322817317003352,2.210735561017725,0.9729107575935471
mne_sample,GSP Instantáneo,mne_sample | knng | sobolev,120,0.48314942546761064,0.6047446314861701,4.896826311519516,4.386131925461256,2.278800157688859,0.7905687415667028
mne_sample,GSP Instantáneo,mne_sample | knng | tikhonov,120,0.07687568488961491,0.12190766553587558,0.8900553103606631,19.700260101217353,2.169887481159214,0.9457472121427662
mne_sample,GSP Instantáneo,mne_sample | nnk | bgsrp,60,0.0833835383027815,0.21750049023556275,1.2893395893898079,13.804099946646863,2.4848034930184855,0.857341450937087
mne_sample,GSP Instantáneo,mne_sample | nnk | idw,60,0.03892809935155729,0.1051808693577754,0.730316610060126,21.322817317003352,2.210735561017725,0.9729107575935471
mne_sample,GSP Instantáneo,mne_sample | nnk | sobolev,60,0.47885469243627554,0.6026486715768714,4.723941646722659,4.4234963533273355,2.3362775137444367,0.8961194867727029
mne_sample,GSP Instantáneo,mne_sample | nnk | tikhonov,60,0.04648921637685685,0.10152633045632073,0.6798221736855584,22.38349899285665,2.1886481655690244,0.9715886375487912
mne_sample,GSP Instantáneo,mne_sample | vknng | bgsrp,90,0.08324087306938087,0.2163373197524888,1.2902066974714594,13.822204694680899,2.4830399893642987,0.8584059125525523
mne_sample,GSP Instantáneo,mne_sample | vknng | idw,90,0.03892809935155729,0.1051808693577754,0.7303166100601262,21.322817317003352,2.210735561017725,0.9729107575935471
mne_sample,GSP Instantáneo,mne_sample | vknng | sobolev,90,0.48510207875360023,0.6067559051932985,4.930253229647544,4.355892074991355,2.260942714002547,0.7547008175129881
mne_sample,GSP Instantáneo,mne_sample | vknng | tikhonov,90,0.08432068555821937,0.12716774693804864,0.9444791026433276,18.99807023343745,2.1648126105899776,0.9387901942182368
mne_sample,TV/Tiempo,mne_sample | aew | temporal_laplacian,60,0.031283895159462775,0.1123466016318944,0.74325577246847,20.903223922194666,2.254603699438983,0.9671980018324321
mne_sample,TV/Tiempo,mne_sample | aew | trss,60,0.191670373463906,0.4733805557469299,3.0033503762625964,6.902246022172294,2.636389847419293,0.7860466040116396
mne_sample,TV/Tiempo,mne_sample | aew | tv,60,0.03826081328984294,0.10469394086140543,0.7116492002222709,21.66388072765373,2.206534770627019,0.9726431721257767
mne_sample,TV/Tiempo,mne_sample | epsilon_ball | temporal_laplacian,60,0.048345179693208284,0.1258294063769892,0.884850289551387,19.0666704102078,2.247834133276793,0.95985503347255
mne_sample,TV/Tiempo,mne_sample | epsilon_ball | trss,60,0.03893910935751288,0.10185098409401915,0.7447412963724146,21.08285054250695,2.2163808597664607,0.9719595697183342
mne_sample,TV/Tiempo,mne_sample | epsilon_ball | tv,60,0.05104500643608879,0.13273303889473992,0.9241533647459659,18.561511023450734,2.2555788723841204,0.9559472237661594
mne_sample,TV/Tiempo,mne_sample | kalofolias | temporal_laplacian,60,0.06857027746088153,0.17469781486296468,1.195042996110351,15.796896256192875,2.3275411696547854,0.9280016814472883
mne_sample,TV/Tiempo,mne_sample | kalofolias | trss,60,0.05526499286699514,0.1399032093445984,0.9910403144491419,17.85735934346553,2.283487926726031,0.9512890250177103
mne_sample,TV/Tiempo,mne_sample | kalofolias | tv,60,0.0510528236174071,0.1327567902274739,0.9243069698908875,18.55886089503518,2.255652483795184,0.9559387363788238
mne_sample,TV/Tiempo,mne_sample | knn__k3 | temporal_laplacian,30,0.029643246018532913,0.08278768030008012,0.6167541400355181,23.492598888796522,2.186033807422665,0.9831831944273347
mne_sample,TV/Tiempo,mne_sample | knn__k3 | trss,30,0.029395854504450696,0.08138590791661597,0.5744889351453129,24.46129060935766,2.1737832101054293,0.9828717869350433
mne_sample,TV/Tiempo,mne_sample | knn__k3 | tv,30,0.04683060312741993,0.12174399337304874,0.8570040238919846,19.474097860573227,2.2395399553858324,0.9625866958253836
mne_sample,TV/Tiempo,mne_sample | knn__k5 | temporal_laplacian,30,0.032393782113513535,0.08775063610273019,0.6431490023465132,22.872768688598075,2.1957623047666055,0.9808231137318344
mne_sample,TV/Tiempo,mne_sample | knn__k5 | trss,30,0.029840907278057754,0.08065750055659592,0.5828691769354675,23.98464707963526,2.178337582916797,0.9829990781916019
mne_sample,TV/Tiempo,mne_sample | knn__k5 | tv,30,0.049397735970913174,0.1282048052087252,0.8967229766147067,18.92686129755524,2.248326497195093,0.9585876904767706
mne_sample,TV/Tiempo,mne_sample | knn__k7 | temporal_laplacian,30,0.034999813963112504,0.09329972408198738,0.6771647677884604,22.106385311141665,2.203068539737717,0.9776979203811589
mne_sample,TV/Tiempo,mne_sample | knn__k7 | trss,30,0.030920815256464007,0.08256727182183997,0.603301793686062,23.468689219413054,2.1867085910335216,0.9817082282328429
mne_sample,TV/Tiempo,mne_sample | knn__k7 | tv,30,0.0502179387053722,0.13040156956042062,0.9104623403313735,18.74641081675897,2.2523302193092922,0.9572411332092283
mne_sample,TV/Tiempo,mne_sample | knn__k9 | temporal_laplacian,30,0.037175462307682205,0.0983720878224934,0.7104318770045202,21.518282901899116,2.2064228910003,0.9752763290346989
mne_sample,TV/Tiempo,mne_sample | knn__k9 | trss,30,0.03198310260794674,0.0847987917355541,0.6244680570716057,23.04873884281482,2.182998448114979,0.980719240222123
mne_sample,TV/Tiempo,mne_sample | knn__k9 | tv,30,0.0506450292677648,0.13159476520242042,0.9174265393780698,18.65286497213348,2.252863143807457,0.9565738780587325
mne_sample,TV/Tiempo,mne_sample | knng | temporal_laplacian,120,0.031657159518041836,0.08663302412708274,0.6383376822649899,22.99345483666457,2.192580596194487,0.9812342712096827
mne_sample,TV/Tiempo,mne_sample | knng | trss,120,0.029883418013395422,0.08149157345975641,0.5837009678606367,24.096074837912784,2.177994960003766,0.9826171124176427
mne_sample,TV/Tiempo,mne_sample | knng | tv,120,0.04831117374563619,0.12550371034316313,0.8801758983117574,19.1570898067594,2.2448822243159516,0.9602627665356959
mne_sample,TV/Tiempo,mne_sample | nnk | temporal_laplacian,60,0.026727793311739634,0.08240517643089394,0.6150427608070184,23.34431293824268,2.2007065151221243,0.9847627778185003
mne_sample,TV/Tiempo,mne_sample | nnk | trss,60,0.03368454579737458,0.09282258940197449,0.6467827707334763,23.295062348196144,2.1938373396425948,0.9807989905773632
mne_sample,TV/Tiempo,mne_sample | nnk | tv,60,0.04152455915890713,0.10928586159468871,0.7721645823142177,20.647253451902127,2.212620934011032,0.9698842113575907
mne_sample,TV/Tiempo,mne_sample | vknng | temporal_laplacian,90,0.03258605395266131,0.08820556022907476,0.645364976028611,22.808678424432344,2.1947879869263516,0.9804217072907161
mne_sample,TV/Tiempo,mne_sample | vknng | trss,90,0.029763259115441452,0.08062148652445351,0.5827125211789325,23.997311053224035,2.1785363756540477,0.9828811121555154
mne_sample,TV/Tiempo,mne_sample | vknng | tv,90,0.04958539672205731,0.128737380098659,0.9002905200002169,18.88132573034232,2.2495645888870306,0.9582421871020212
physionet_eegmmidb_real,Baseline,physionet_eegmmidb_real | aew | ica,60,0.19785779305054133,0.4741714747603473,2.6278030786909934,6.939136447123563,2.475051697313252,0.8288374139831275
physionet_eegmmidb_real,Baseline,physionet_eegmmidb_real | aew | linear,60,0.10112094386656582,0.2637867342507903,1.7723548215238005,12.784016132070395,2.3274434219976503,0.9296714695093525
physionet_eegmmidb_real,Baseline,physionet_eegmmidb_real | aew | rbfi_tps,60,0.05790737504921721,0.15876324754839335,1.0926842188460504,17.95718694568509,2.2337979303429156,0.9749560652926189
physionet_eegmmidb_real,Baseline,physionet_eegmmidb_real | aew | spherical_spline,60,0.07264225042380712,0.2087600721699376,1.3405594300138737,16.378404101319216,2.2640379712206906,0.9618019691159518
physionet_eegmmidb_real,Baseline,physionet_eegmmidb_real | epsilon_ball | ica,60,0.19785779305054133,0.4741714747603473,2.6278030786909934,6.939136447123563,2.475051697313252,0.8288374139831275
physionet_eegmmidb_real,Baseline,physionet_eegmmidb_real | epsilon_ball | linear,60,0.10112094386656582,0.2637867342507903,1.7723548215238005,12.784016132070395,2.3274434219976503,0.9296714695093525
physionet_eegmmidb_real,Baseline,physionet_eegmmidb_real | epsilon_ball | rbfi_tps,60,0.05790737504921721,0.15876324754839335,1.0926842188460504,17.95718694568509,2.2337979303429156,0.9749560652926189
physionet_eegmmidb_real,Baseline,physionet_eegmmidb_real | epsilon_ball | spherical_spline,60,0.07264225042380712,0.2087600721699376,1.3405594300138737,16.378404101319216,2.2640379712206906,0.9618019691159518
physionet_eegmmidb_real,Baseline,physionet_eegmmidb_real | kalofolias | ica,60,0.19785779305054133,0.4741714747603473,2.6278030786909934,6.939136447123563,2.475051697313252,0.8288374139831275
physionet_eegmmidb_real,Baseline,physionet_eegmmidb_real | kalofolias | linear,60,0.10112094386656582,0.2637867342507903,1.7723548215238005,12.784016132070395,2.3274434219976503,0.9296714695093525
physionet_eegmmidb_real,Baseline,physionet_eegmmidb_real | kalofolias | rbfi_tps,60,0.05790737504921721,0.15876324754839335,1.0926842188460504,17.95718694568509,2.2337979303429156,0.9749560652926189
physionet_eegmmidb_real,Baseline,physionet_eegmmidb_real | kalofolias | spherical_spline,60,0.07264225042380712,0.2087600721699376,1.3405594300138737,16.378404101319216,2.2640379712206906,0.9618019691159518
physionet_eegmmidb_real,Baseline,physionet_eegmmidb_real | knn__k3 | ica,30,0.19785779305054133,0.4741714747603473,2.6278030786909934,6.939136447123563,2.475051697313252,0.8288374139831275
physionet_eegmmidb_real,Baseline,physionet_eegmmidb_real | knn__k3 | linear,30,0.10112094386656582,0.2637867342507903,1.7723548215238005,12.784016132070395,2.3274434219976503,0.9296714695093525
physionet_eegmmidb_real,Baseline,physionet_eegmmidb_real | knn__k3 | rbfi_tps,30,0.05790737504921721,0.15876324754839335,1.0926842188460504,17.95718694568509,2.2337979303429156,0.9749560652926189
physionet_eegmmidb_real,Baseline,physionet_eegmmidb_real | knn__k3 | spherical_spline,30,0.07264225042380712,0.2087600721699376,1.3405594300138737,16.378404101319216,2.2640379712206906,0.9618019691159518
physionet_eegmmidb_real,Baseline,physionet_eegmmidb_real | knn__k5 | ica,30,0.19785779305054133,0.4741714747603473,2.6278030786909934,6.939136447123563,2.475051697313252,0.8288374139831275
physionet_eegmmidb_real,Baseline,physionet_eegmmidb_real | knn__k5 | linear,30,0.10112094386656582,0.2637867342507903,1.7723548215238005,12.784016132070395,2.3274434219976503,0.9296714695093525
physionet_eegmmidb_real,Baseline,physionet_eegmmidb_real | knn__k5 | rbfi_tps,30,0.05790737504921721,0.15876324754839335,1.0926842188460504,17.95718694568509,2.2337979303429156,0.9749560652926189
physionet_eegmmidb_real,Baseline,physionet_eegmmidb_real | knn__k5 | spherical_spline,30,0.07264225042380712,0.2087600721699376,1.3405594300138737,16.378404101319216,2.2640379712206906,0.9618019691159518
physionet_eegmmidb_real,Baseline,physionet_eegmmidb_real | knn__k7 | ica,30,0.19785779305054133,0.4741714747603473,2.6278030786909934,6.939136447123563,2.475051697313252,0.8288374139831275
physionet_eegmmidb_real,Baseline,physionet_eegmmidb_real | knn__k7 | linear,30,0.10112094386656582,0.2637867342507903,1.7723548215238005,12.784016132070395,2.3274434219976503,0.9296714695093525
physionet_eegmmidb_real,Baseline,physionet_eegmmidb_real | knn__k7 | rbfi_tps,30,0.05790737504921721,0.15876324754839335,1.0926842188460504,17.95718694568509,2.2337979303429156,0.9749560652926189
physionet_eegmmidb_real,Baseline,physionet_eegmmidb_real | knn__k7 | spherical_spline,30,0.07264225042380712,0.2087600721699376,1.3405594300138737,16.378404101319216,2.2640379712206906,0.9618019691159518
physionet_eegmmidb_real,Baseline,physionet_eegmmidb_real | knn__k9 | ica,30,0.19785779305054133,0.4741714747603473,2.6278030786909934,6.939136447123563,2.475051697313252,0.8288374139831275
physionet_eegmmidb_real,Baseline,physionet_eegmmidb_real | knn__k9 | linear,30,0.10112094386656582,0.2637867342507903,1.7723548215238005,12.784016132070395,2.3274434219976503,0.9296714695093525
physionet_eegmmidb_real,Baseline,physionet_eegmmidb_real | knn__k9 | rbfi_tps,30,0.05790737504921721,0.15876324754839335,1.0926842188460504,17.95718694568509,2.2337979303429156,0.9749560652926189
physionet_eegmmidb_real,Baseline,physionet_eegmmidb_real | knn__k9 | spherical_spline,30,0.07264225042380712,0.2087600721699376,1.3405594300138737,16.378404101319216,2.2640379712206906,0.9618019691159518
physionet_eegmmidb_real,Baseline,physionet_eegmmidb_real | knng | ica,120,0.19785779305054133,0.4741714747603473,2.6278030786909934,6.939136447123563,2.475051697313252,0.8288374139831275
physionet_eegmmidb_real,Baseline,physionet_eegmmidb_real | knng | linear,120,0.10112094386656582,0.2637867342507903,1.7723548215238005,12.784016132070395,2.3274434219976503,0.9296714695093525
physionet_eegmmidb_real,Baseline,physionet_eegmmidb_real | knng | rbfi_tps,120,0.05790737504921721,0.15876324754839335,1.0926842188460504,17.95718694568509,2.2337979303429156,0.9749560652926189
physionet_eegmmidb_real,Baseline,physionet_eegmmidb_real | knng | spherical_spline,120,0.07264225042380712,0.2087600721699376,1.3405594300138737,16.378404101319216,2.2640379712206906,0.9618019691159518
physionet_eegmmidb_real,Baseline,physionet_eegmmidb_real | nnk | ica,60,0.19785779305054133,0.4741714747603473,2.6278030786909934,6.939136447123563,2.475051697313252,0.8288374139831275
physionet_eegmmidb_real,Baseline,physionet_eegmmidb_real | nnk | linear,60,0.10112094386656582,0.2637867342507903,1.7723548215238005,12.784016132070395,2.3274434219976503,0.9296714695093525
physionet_eegmmidb_real,Baseline,physionet_eegmmidb_real | nnk | rbfi_tps,60,0.05790737504921721,0.15876324754839335,1.0926842188460504,17.95718694568509,2.2337979303429156,0.9749560652926189
physionet_eegmmidb_real,Baseline,physionet_eegmmidb_real | nnk | spherical_spline,60,0.07264225042380712,0.2087600721699376,1.3405594300138737,16.378404101319216,2.2640379712206906,0.9618019691159518
physionet_eegmmidb_real,Baseline,physionet_eegmmidb_real | vknng | ica,90,0.19785779305054135,0.47417147476034727,2.627803078690993,6.9391364471235635,2.475051697313252,0.8288374139831276
physionet_eegmmidb_real,Baseline,physionet_eegmmidb_real | vknng | linear,90,0.10112094386656582,0.26378673425079036,1.7723548215238003,12.784016132070393,2.3274434219976508,0.9296714695093525
physionet_eegmmidb_real,Baseline,physionet_eegmmidb_real | vknng | rbfi_tps,90,0.05790737504921722,0.15876324754839335,1.0926842188460506,17.957186945685095,2.2337979303429156,0.974956065292619
physionet_eegmmidb_real,Baseline,physionet_eegmmidb_real | vknng | spherical_spline,90,0.07264225042380713,0.2087600721699376,1.340559430013874,16.378404101319216,2.2640379712206906,0.9618019691159517
physionet_eegmmidb_real,GSP Instantáneo,physionet_eegmmidb_real | aew | bgsrp,60,0.10712070557821336,0.3637798758261018,2.1524129848328575,13.043615473555008,2.3345295113558717,0.9189411320980991
physionet_eegmmidb_real,GSP Instantáneo,physionet_eegmmidb_real | aew | idw,60,0.07002003980322018,0.18437448323777542,1.3096477773387742,16.049527408131386,2.2632782036852985,0.9652167828380446
physionet_eegmmidb_real,GSP Instantáneo,physionet_eegmmidb_real | aew | sobolev,60,0.5137590931881301,0.6544602988272767,4.371077492849969,3.733777316009839,2.4152666037808,0.8263080411267348
physionet_eegmmidb_real,GSP Instantáneo,physionet_eegmmidb_real | aew | tikhonov,60,0.06850815195640281,0.18065958943615368,1.2530562064140243,16.190306497469802,2.254504682721111,0.9663123759102893
physionet_eegmmidb_real,GSP Instantáneo,physionet_eegmmidb_real | epsilon_ball | bgsrp,60,0.09662485817118406,0.2444025453373077,1.708061973060699,13.138841774270228,2.310582505920036,0.9393125235895333
physionet_eegmmidb_real,GSP Instantáneo,physionet_eegmmidb_real | epsilon_ball | idw,60,0.07002003980322018,0.18437448323777542,1.3096477773387742,16.049527408131386,2.2632782036852985,0.9652167828380446
physionet_eegmmidb_real,GSP Instantáneo,physionet_eegmmidb_real | epsilon_ball | sobolev,60,0.5728935919399196,0.7024983586684231,5.5235995482914335,3.095117013466536,2.4283211154948066,0.7577048771650455
physionet_eegmmidb_real,GSP Instantáneo,physionet_eegmmidb_real | epsilon_ball | tikhonov,60,0.3026091423122454,0.39748446936532605,2.895147781703623,8.517916725712523,2.2557757332503385,0.846885638881407
physionet_eegmmidb_real,GSP Instantáneo,physionet_eegmmidb_real | kalofolias | bgsrp,60,0.09913114282971361,0.25092392638198324,1.7358443742465488,12.884156592153778,2.307559218734687,0.9364717223855629
physionet_eegmmidb_real,GSP Instantáneo,physionet_eegmmidb_real | kalofolias | idw,60,0.07002003980322018,0.18437448323777542,1.3096477773387742,16.049527408131386,2.2632782036852985,0.9652167828380446
physionet_eegmmidb_real,GSP Instantáneo,physionet_eegmmidb_real | kalofolias | sobolev,60,0.5793664693492314,0.7100467215035798,5.600440896013084,3.000879211289567,2.442825679862181,0.7564084644057012
physionet_eegmmidb_real,GSP Instantáneo,physionet_eegmmidb_real | kalofolias | tikhonov,60,0.38744803711300385,0.500538424143541,3.4583318786082415,6.500272997809632,2.2576143981101606,0.7568006256451235
physionet_eegmmidb_real,GSP Instantáneo,physionet_eegmmidb_real | knn__k3 | bgsrp,30,0.07306377550101474,0.19321839031215152,1.3146587581082503,15.806896147454683,2.266975959918621,0.9624180872041602
physionet_eegmmidb_real,GSP Instantáneo,physionet_eegmmidb_real | knn__k3 | idw,30,0.07002003980322018,0.18437448323777542,1.3096477773387742,16.049527408131386,2.2632782036852985,0.9652167828380446
physionet_eegmmidb_real,GSP Instantáneo,physionet_eegmmidb_real | knn__k3 | sobolev,30,0.5329771358259133,0.6501847552891896,5.083352076083594,3.768504556097015,2.4089428210451733,0.898046759595833
physionet_eegmmidb_real,GSP Instantáneo,physionet_eegmmidb_real | knn__k3 | tikhonov,30,0.11424831321931123,0.19400094018513434,1.4172010754095303,15.51904839602388,2.2388720326098874,0.965040615483321
physionet_eegmmidb_real,GSP Instantáneo,physionet_eegmmidb_real | knn__k5 | bgsrp,30,0.0646219528298327,0.1704551389884159,1.2105699933701137,16.73327675751861,2.2496428074112345,0.9701532370107996
physionet_eegmmidb_real,GSP Instantáneo,physionet_eegmmidb_real | knn__k5 | idw,30,0.07002003980322018,0.18437448323777542,1.3096477773387742,16.049527408131386,2.2632782036852985,0.9652167828380446
physionet_eegmmidb_real,GSP Instantáneo,physionet_eegmmidb_real | knn__k5 | sobolev,30,0.5522746467318331,0.6752959924243848,5.342175490874779,3.4369324730305957,2.4152596351207345,0.8434543028000834
physionet_eegmmidb_real,GSP Instantáneo,physionet_eegmmidb_real | knn__k5 | tikhonov,30,0.13907946787416747,0.21188083431955756,1.5741496100595092,14.511774247215167,2.2315894879316054,0.9585989256633576
physionet_eegmmidb_real,GSP Instantáneo,physionet_eegmmidb_real | knn__k7 | bgsrp,30,0.06964617887205535,0.18107605657438067,1.2857633446804813,16.16207782032261,2.2621822592994842,0.9664540280873961
physionet_eegmmidb_real,GSP Instantáneo,physionet_eegmmidb_real | knn__k7 | idw,30,0.07002003980322018,0.18437448323777542,1.3096477773387742,16.049527408131386,2.2632782036852985,0.9652167828380446
physionet_eegmmidb_real,GSP Instantáneo,physionet_eegmmidb_real | knn__k7 | sobolev,30,0.5631444996127751,0.6895003585187406,5.4487892227154315,3.2563380718838246,2.4158106201573832,0.8006380680202585
physionet_eegmmidb_real,GSP Instantáneo,physionet_eegmmidb_real | knn__k7 | tikhonov,30,0.1727344568975186,0.24734474334882486,1.8399779860338978,12.995925828054652,2.2365614153809283,0.9440611194354297
physionet_eegmmidb_real,GSP Instantáneo,physionet_eegmmidb_real | knn__k9 | bgsrp,30,0.07362132367949163,0.19004616528998694,1.342396692400083,15.648736378515474,2.2711254621798074,0.962944910813023
physionet_eegmmidb_real,GSP Instantáneo,physionet_eegmmidb_real | knn__k9 | idw,30,0.07002003980322018,0.18437448323777542,1.3096477773387742,16.049527408131386,2.2632782036852985,0.9652167828380446
physionet_eegmmidb_real,GSP Instantáneo,physionet_eegmmidb_real | knn__k9 | sobolev,30,0.5679070465555827,0.6958553160385424,5.487417749221794,3.1771274850295517,2.419753238854761,0.7801302177374811
physionet_eegmmidb_real,GSP Instantáneo,physionet_eegmmidb_real | knn__k9 | tikhonov,30,0.1986986282251439,0.2754342339039211,2.062933440557992,11.928173234076219,2.2392972042052017,0.9296466628833279
physionet_eegmmidb_real,GSP Instantáneo,physionet_eegmmidb_real | knng | bgsrp,120,0.07009947717310282,0.1844992012142223,1.2813810378014416,16.127114439551345,2.2613075822404016,0.9653592768865699
physionet_eegmmidb_real,GSP Instantáneo,physionet_eegmmidb_real | knng | idw,120,0.07002003980322018,0.18437448323777542,1.3096477773387742,16.049527408131386,2.2632782036852985,0.9652167828380446
physionet_eegmmidb_real,GSP Instantáneo,physionet_eegmmidb_real | knng | sobolev,120,0.5452899521747764,0.6662222737369885,5.238749500809741,3.5584657150905787,2.4123397760680203,0.8602091070116511
physionet_eegmmidb_real,GSP Instantáneo,physionet_eegmmidb_real | knng | tikhonov,120,0.13493608877059718,0.21167924831184573,1.5610997198239962,14.642401395524356,2.236452292944895,0.9582255073189966
physionet_eegmmidb_real,GSP Instantáneo,physionet_eegmmidb_real | nnk | bgsrp,60,0.070124940043999,0.18597693475966123,1.2918341093028478,16.04212642727476,2.2642786362583456,0.96510633474776
physionet_eegmmidb_real,GSP Instantáneo,physionet_eegmmidb_real | nnk | idw,60,0.07002003980322018,0.18437448323777542,1.3096477773387742,16.049527408131386,2.2632782036852985,0.9652167828380446
physionet_eegmmidb_real,GSP Instantáneo,physionet_eegmmidb_real | nnk | sobolev,60,0.5151687950311971,0.6293893846406066,4.819490871962377,4.0493175900025165,2.3832822125819697,0.9282295144346566
physionet_eegmmidb_real,GSP Instantáneo,physionet_eegmmidb_real | nnk | tikhonov,60,0.07977773013889579,0.16754565386368234,1.1925155331885682,17.09081109130937,2.237762245656775,0.9721132332618277
physionet_eegmmidb_real,GSP Instantáneo,physionet_eegmmidb_real | vknng | bgsrp,90,0.06647797885287686,0.17440455161968607,1.2399403943678833,16.5124713593093,2.2552493484701013,0.9688315315083504
physionet_eegmmidb_real,GSP Instantáneo,physionet_eegmmidb_real | vknng | idw,90,0.07002003980322018,0.18437448323777542,1.3096477773387742,16.049527408131386,2.263278203685299,0.9652167828380445
physionet_eegmmidb_real,GSP Instantáneo,physionet_eegmmidb_real | vknng | sobolev,90,0.5549461569369776,0.6787003213714573,5.36896863345705,3.39267061234215,2.4174251770977793,0.8325435500173316
physionet_eegmmidb_real,GSP Instantáneo,physionet_eegmmidb_real | vknng | tikhonov,90,0.14862719413076744,0.22160141319178284,1.652907326761661,14.053094850359857,2.2321091797012866,0.9543691378262156
physionet_eegmmidb_real,TV/Tiempo,physionet_eegmmidb_real | aew | temporal_laplacian,60,0.07545189303106792,0.197822533466934,1.4283478948893225,15.223316473223143,2.322382816047037,0.9481347261732
physionet_eegmmidb_real,TV/Tiempo,physionet_eegmmidb_real | aew | trss,60,0.20115730553872757,0.48071645874848534,2.6641358888423583,6.758186599636758,2.481104402734838,0.8254502072796082
physionet_eegmmidb_real,TV/Tiempo,physionet_eegmmidb_real | aew | tv,60,0.06878639442483499,0.18134273215775348,1.2560614061623832,16.15180527914417,2.2530051009947716,0.9661092635223836
physionet_eegmmidb_real,TV/Tiempo,physionet_eegmmidb_real | epsilon_ball | temporal_laplacian,60,0.09386676319923073,0.23895524949204994,1.6779533384281844,13.343254322047871,2.3058362524927167,0.9407228203976205
physionet_eegmmidb_real,TV/Tiempo,physionet_eegmmidb_real | epsilon_ball | trss,60,0.07917139229500597,0.20289765378341512,1.4921654615900168,14.906338597626176,2.278973846424128,0.9536349787819971
physionet_eegmmidb_real,TV/Tiempo,physionet_eegmmidb_real | epsilon_ball | tv,60,0.09823919581334564,0.2502184840958918,1.735385519955342,12.925044161699018,2.310813059408569,0.9369524560761988
physionet_eegmmidb_real,TV/Tiempo,physionet_eegmmidb_real | kalofolias | temporal_laplacian,60,0.12880478173068519,0.3348364296535749,2.11610212749667,10.43240835657482,2.3754874133784707,0.8983413135367958
physionet_eegmmidb_real,TV/Tiempo,physionet_eegmmidb_real | kalofolias | trss,60,0.10764125436592643,0.2730370968216788,1.7803090530987737,12.171822139671653,2.344397726490992,0.9222508383347423
physionet_eegmmidb_real,TV/Tiempo,physionet_eegmmidb_real | kalofolias | tv,60,0.0982586299066628,0.2502877297083144,1.7357830867566428,12.921239663363052,2.310749522460917,0.9369284533450363
physionet_eegmmidb_real,TV/Tiempo,physionet_eegmmidb_real | knn__k3 | temporal_laplacian,30,0.05755099156772549,0.15440209194853347,1.122050335740108,17.748835413657975,2.2519056270939233,0.9736796305471845
physionet_eegmmidb_real,TV/Tiempo,physionet_eegmmidb_real | knn__k3 | trss,30,0.05626411118045726,0.15277013349566043,1.088520488551943,18.159855425416787,2.2389060773039864,0.975062237287533
physionet_eegmmidb_real,TV/Tiempo,physionet_eegmmidb_real | knn__k3 | tv,30,0.08159960552879193,0.2091662511476317,1.4863023747273432,14.735058336482243,2.281602555487695,0.9549624988936376
physionet_eegmmidb_real,TV/Tiempo,physionet_eegmmidb_real | knn__k5 | temporal_laplacian,30,0.05838474128948191,0.15548637878799293,1.1297694646444874,17.638854102020673,2.2416289608124247,0.9734482207062115
physionet_eegmmidb_real,TV/Tiempo,physionet_eegmmidb_real | knn__k5 | trss,30,0.05507012302774695,0.1481890862800757,1.0657265812526855,18.281720831618244,2.2353522868160005,0.9758972278791607
physionet_eegmmidb_real,TV/Tiempo,physionet_eegmmidb_real | knn__k5 | tv,30,0.09136932015621455,0.23227643223076727,1.6325114606026299,13.705939816401429,2.2992301911891064,0.9445688344868307
physionet_eegmmidb_real,TV/Tiempo,physionet_eegmmidb_real | knn__k7 | temporal_laplacian,30,0.0640598579756309,0.16856910296092265,1.2142862525272686,16.83938920674539,2.2559306016539806,0.9691060778918249
physionet_eegmmidb_real,TV/Tiempo,physionet_eegmmidb_real | knn__k7 | trss,30,0.05899217708253028,0.15674486829891546,1.1276818037730407,17.640233327029907,2.24556232405641,0.9728827317474308
physionet_eegmmidb_real,TV/Tiempo,physionet_eegmmidb_real | knn__k7 | tv,30,0.09487802048159823,0.24117488533511963,1.6845757997757025,13.31706292807968,2.305359393668432,0.9407129272695196
physionet_eegmmidb_real,TV/Tiempo,physionet_eegmmidb_real | knn__k9 | temporal_laplacian,30,0.0682558886838691,0.1774546846396169,1.2833984022860414,16.285559230340894,2.263745043763073,0.9657765992364818
physionet_eegmmidb_real,TV/Tiempo,physionet_eegmmidb_real | knn__k9 | trss,30,0.061415300511373214,0.16165539812363727,1.1798357444783956,17.27185760457401,2.252212393098654,0.9708260623911684
physionet_eegmmidb_real,TV/Tiempo,physionet_eegmmidb_real | knn__k9 | tv,30,0.09644588110078768,0.24526654495930492,1.7076901240286275,13.142330689951502,2.3083532514198297,0.9389773142925474
physionet_eegmmidb_real,TV/Tiempo,physionet_eegmmidb_real | knng | temporal_laplacian,120,0.05936984013999589,0.15817557581989566,1.1467810665187734,17.496227456279705,2.250752155043655,0.9724883128175225
physionet_eegmmidb_real,TV/Tiempo,physionet_eegmmidb_real | knng | trss,120,0.0566330499167576,0.15258429194603734,1.0923432751626947,18.06265188087982,2.239762482737548,0.974737160222545
physionet_eegmmidb_real,TV/Tiempo,physionet_eegmmidb_real | knng | tv,120,0.08733316959413218,0.22288014677726053,1.5719288294376343,14.126229181223255,2.2920010449248456,0.9488308769936591
physionet_eegmmidb_real,TV/Tiempo,physionet_eegmmidb_real | nnk | temporal_laplacian,60,0.05708154077933024,0.15278214102491194,1.130792320299587,17.70442334796808,2.2629485375814657,0.9728478627996716
physionet_eegmmidb_real,TV/Tiempo,physionet_eegmmidb_real | nnk | trss,60,0.05556574515813265,0.1492126300696037,1.071631252611223,18.288514924067055,2.2343730578235066,0.9756374527510361
physionet_eegmmidb_real,TV/Tiempo,physionet_eegmmidb_real | nnk | tv,60,0.07153135911876322,0.18604104116117107,1.3256693161827364,15.928780021175688,2.263481037952453,0.9641391351151438
physionet_eegmmidb_real,TV/Tiempo,physionet_eegmmidb_real | vknng | temporal_laplacian,90,0.05993568916484591,0.1590416610659882,1.154218424146917,17.41851657447957,2.248614008802084,0.9722150914035893
physionet_eegmmidb_real,TV/Tiempo,physionet_eegmmidb_real | vknng | trss,90,0.05612692360691982,0.1506019544121229,1.0837889218660022,18.106946452512076,2.2404217213484703,0.9750379691778088
physionet_eegmmidb_real,TV/Tiempo,physionet_eegmmidb_real | vknng | tv,90,0.09229300958947903,0.23462080250551717,1.646340607161851,13.600516655132232,2.3013844024545493,0.9435201127690233
