graph,dataset,missing_ratio,best_method,best_mean_mae,best_n,best_std,ci_lower,ci_upper,second_method,second_mean_mae,second_n,second_std,delta_mean,p_raw,p_adj,significant,rank_biserial
gaussian__sigma1,bci_competition_iv_2a_proxy,0.1,directed_tv,3.5630904006678003e-07,10,4.4065000949911456e-08,3.31788721555257e-07,3.8394703480138145e-07,tv,3.6455547757730365e-07,10,2.575618405578256e-08,8.246437510523622e-09,0.4273553138978077,1.0,False,0.21999999999999997
gaussian__sigma1,bci_competition_iv_2a_proxy,0.3,directed_tv,4.889472568011536e-07,10,5.23412764978857e-08,4.572566630156319e-07,5.189283965280409e-07,tv,4.906117596035603e-07,10,3.8664197320932626e-08,1.6645028024067009e-09,0.9698499769931556,1.0,False,-0.020000000000000018
knn__k3,bci_competition_iv_2a_proxy,0.1,directed_tv,3.6358302374727304e-07,13,5.1635148281324265e-08,3.383959774591207e-07,3.9339899429436964e-07,trss,3.636245128425187e-07,13,4.7727488334926004e-08,4.1489095245672466e-11,0.9591007702858605,1.0,False,0.017751479289940808
knn__k3,mne_sample_proxy,0.1,directed_tv,1.2268993918150853e-07,4,6.3022013587846875e-09,1.1765708425852122e-07,1.2773032567097287e-07,heat_diffusion_temporal,1.3354704124313293e-07,4,1.542084189424704e-08,1.0857102061624402e-08,0.4857142857142857,1.0,False,0.375
knn__k3,mne_sample_proxy,0.2,directed_tv,1.4797358100319365e-07,4,1.530347668330769e-08,1.3515762023809582e-07,1.5965187595985567e-07,heat_diffusion_temporal,1.5271498351782318e-07,4,2.2102799728187996e-08,4.741402514629536e-09,1.0,1.0,False,0.0
knn__k3,mne_sample_proxy,0.4,directed_tv,2.007882049976141e-07,5,3.670429831272797e-08,1.7432362496247153e-07,2.3285788281726294e-07,heat_diffusion_temporal,2.1327586630008985e-07,5,2.651507692586615e-08,1.2487661302475744e-08,0.42063492063492064,1.0,False,0.36
gaussian__sigma1,synthetic_alpha,0.3,directed_tv,0.19946710735686426,18,2.856025168737767e-17,0.19946710735686426,0.19946710735686426,heat_diffusion_temporal,0.2076559769100092,18,0.0,0.008188869553144934,3.683348423440707e-09,9.613539385180246e-07,True,1.0
kalofolias,synthetic_alpha,0.3,directed_tv,0.2004891087783412,18,0.0,0.2004891087783412,0.2004891087783412,mean,0.2125037819008306,18,0.0,0.012014673122489411,3.683348423440707e-09,9.503038932477025e-07,True,1.0
knn__k5,synthetic_alpha,0.3,directed_tv,0.20285387912380828,19,2.851614316424119e-17,0.20285387912380828,0.20285387912380828,heat_diffusion_temporal,0.2091375515491966,19,0.0,0.006283672425388326,1.3120632979510229e-09,3.529450271488252e-07,True,1.0
knng__k4_sigma1,synthetic_alpha,0.3,directed_tv,0.2008868795633493,17,0.0,0.2008868795633493,0.2008868795633493,heat_diffusion_temporal,0.2071682000862726,17,0.0,0.006281320522923295,1.0362566826242779e-08,2.3626652363833535e-06,True,1.0
vknng__alpha1_k4_k_max8_k_min2,synthetic_alpha,0.3,directed_tv,0.2004054421418921,17,0.0,0.2004054421418921,0.2004054421418921,wavelet_temporal,0.2087747138008539,17,0.0,0.008369271658961813,1.0362566826242779e-08,2.300489835425897e-06,True,1.0
aew__k4_sigma_corr0_5_sigma_dist1,synthetic_beta,0.4,directed_tv,0.2555062283071105,15,0.0,0.2555062283071105,0.2555062283071105,trss,0.26277117501054625,15,5.745950043620392e-17,0.0072649467034357484,8.265685662204696e-08,1.603543018467711e-05,True,1.0
gaussian__sigma1,synthetic_beta,0.3,directed_tv,0.2023526997048401,17,0.0,0.2023526997048401,0.2023526997048401,heat_diffusion_temporal,0.2033669952909275,17,0.0,0.0010142955860873992,1.0362566826242779e-08,2.4144780705145676e-06,True,1.0
gaussian__sigma1,synthetic_beta,0.4,directed_tv,0.2698957683430505,17,0.0,0.2698957683430505,0.2698957683430505,heat_diffusion_temporal,0.2769036366798497,17,0.0,0.007007868336799172,1.0362566826242779e-08,2.404115503688325e-06,True,1.0
kalofolias,synthetic_beta,0.3,directed_tv,0.2024079368112397,18,0.0,0.2024079368112397,0.2024079368112397,mean,0.2038587458276235,18,0.0,0.0014508090163838083,3.683348423440707e-09,9.392538479773803e-07,True,1.0
kalofolias,synthetic_beta,0.4,directed_tv,0.2719970591297853,18,0.0,0.2719970591297853,0.2719970591297853,idw,0.2811073987258139,18,0.0,0.009110339596028638,3.683348423440707e-09,9.355704995539396e-07,True,1.0
knn__k5,synthetic_beta,0.4,directed_tv,0.26971760720943716,18,5.712050337475533e-17,0.26971760720943716,0.26971760720943716,heat_diffusion_temporal,0.27285278638044885,18,5.712050337475533e-17,0.0031351791710116927,3.683348423440707e-09,9.171537574367361e-07,True,1.0
vknng__alpha1_k4_k_max8_k_min2,synthetic_beta,0.4,directed_tv,0.2747914146846357,16,0.0,0.2747914146846357,0.2747914146846357,heat_diffusion_temporal,0.2755665143118055,16,0.0,0.0007750996271698174,2.922532908233176e-08,5.9035164746310156e-06,True,1.0
gaussian__sigma1,synthetic_broad,0.1,directed_tv,0.0783620451757212,19,0.0,0.0783620451757212,0.0783620451757212,heat_diffusion_temporal,0.0813046606995442,19,0.0,0.0029426155238229945,1.3120632979510229e-09,3.608174069365313e-07,True,1.0
gaussian__sigma1,synthetic_broad,0.2,directed_tv,0.1181534984305608,19,0.0,0.1181534984305608,0.1181534984305608,heat_diffusion_temporal,0.12057104820605591,19,1.4258071582120596e-17,0.0024175497754951036,1.3120632979510229e-09,3.5950534363858027e-07,True,1.0
gaussian__sigma1,synthetic_broad,0.3,directed_tv,0.19749548657130622,20,2.8476619731297836e-17,0.19749548657130622,0.19749548657130622,heat_diffusion_temporal,0.19817154980561127,20,2.8476619731297836e-17,0.0006760632343050521,4.682682358742056e-10,1.3298817898827438e-07,True,1.0
kalofolias,synthetic_broad,0.1,directed_tv,0.0814527029580689,19,0.0,0.0814527029580689,0.0814527029580689,idw,0.08312612869891682,19,1.4258071582120596e-17,0.001673425740847917,1.3120632979510229e-09,3.5819328034062926e-07,True,1.0
kalofolias,synthetic_broad,0.2,directed_tv,0.12048800684662042,19,2.851614316424119e-17,0.12048800684662042,0.12048800684662042,gsmooth,0.12402300245916437,19,2.851614316424119e-17,0.0035349956125439452,1.3120632979510229e-09,3.568812170426782e-07,True,1.0
kalofolias,synthetic_broad,0.3,directed_tv,0.1972364461741241,20,0.0,0.1972364461741241,0.1972364461741241,mean,0.20192023169480716,20,2.8476619731297836e-17,0.004683785520683048,4.682682358742056e-10,1.3205164251652598e-07,True,1.0
kalofolias,synthetic_broad,0.4,directed_tv,0.23635165081708182,20,2.8476619731297836e-17,0.23635165081708182,0.23635165081708182,mean,0.23849821223150322,20,2.8476619731297836e-17,0.002146561414421405,4.682682358742056e-10,1.3158337428065177e-07,True,1.0
knn__k3,synthetic_broad,0.1,directed_tv,0.06885530643144858,21,0.021600341964729347,0.05857833479139553,0.07569437966926909,heat_diffusion_temporal,0.07281118551890096,21,0.02278238679505069,0.003955879087452388,4.5880955023240564e-07,8.304452859206542e-05,True,0.8231292517006803
knn__k5,synthetic_broad,0.1,directed_tv,0.075949340478215,18,0.0,0.075949340478215,0.075949340478215,heat_diffusion_temporal,0.0808319767007137,18,0.0,0.004882636222498696,3.683348423440707e-09,9.134704090132954e-07,True,1.0
knn__k5,synthetic_broad,0.2,directed_tv,0.11982415334646193,18,2.856025168737767e-17,0.11982415334646193,0.11982415334646193,heat_diffusion_temporal,0.12062454535575037,18,2.856025168737767e-17,0.000800392009288442,3.683348423440707e-09,9.097870605898546e-07,True,1.0
knn__k5,synthetic_broad,0.3,directed_tv,0.1984018268096209,19,0.0,0.1984018268096209,0.1984018268096209,heat_diffusion_temporal,0.1989892419224689,19,0.0,0.0005874151128479888,1.3120632979510229e-09,3.516329638508741e-07,True,1.0
knng__k4_sigma1,synthetic_broad,0.1,directed_tv,0.0760447268939126,17,0.0,0.0760447268939126,0.0760447268939126,heat_diffusion_temporal,0.0800986413131064,17,0.0,0.0040539144191937965,1.0362566826242779e-08,2.3523026695571107e-06,True,1.0
vknng__alpha1_k4_k_max8_k_min2,synthetic_broad,0.1,directed_tv,0.0760415013431796,17,0.0,0.0760415013431796,0.0760415013431796,heat_diffusion_temporal,0.0801773425579821,17,0.0,0.00413584121480251,1.0362566826242779e-08,2.290127268599654e-06,True,1.0
kalofolias,synthetic_16ch,0.4,graph_time_tikhonov,0.528733542678436,3,0.01278238259490319,0.5139901404418623,0.5367080478033688,tv,0.5395463537469988,3,0.00945139982117796,0.0108128110685628,0.4,1.0,False,0.5555555555555556
aew,mne_sample,0.1,gsmooth,2.8076627950797423e-06,60,1.030892664160487e-06,2.5430663353344148e-06,3.0648279766295226e-06,gsp,2.8245522429751617e-06,20,1.0407717884326104e-06,1.6889447895419433e-08,0.880764615259515,1.0,False,0.023333333333333317
knn,mne_sample,0.1,gsmooth,2.8336955318368885e-06,30,1.0647088531481818e-06,2.46425429482182e-06,3.21254185889129e-06,tv,2.8351637402614924e-06,30,1.0237331425311119e-06,1.468208424603836e-09,0.7844597689495465,1.0,False,0.04222222222222227
knng,mne_sample,0.1,gsmooth,2.8337342267157695e-06,60,1.0556472697937175e-06,2.5619244573996912e-06,3.0943854467016367e-06,tv,2.8351653443634064e-06,60,1.015021232578779e-06,1.4311176476369534e-09,0.6919042110655491,1.0,False,0.04222222222222227
knng__k4_sigma1,synthetic_beta,0.2,gsmooth,0.1328613633611322,16,0.0,0.1328613633611322,0.1328613633611322,heat_diffusion_temporal,0.1328895980734084,16,0.0,2.8234712276198337e-05,2.922532908233176e-08,6.108093778207338e-06,True,1.0
nnk__k4,synthetic_beta,0.1,gsmooth,0.0651068410782072,18,0.0,0.0651068410782072,0.0651068410782072,heat_diffusion_temporal,0.065452944925392,18,0.0,0.0003461038471847949,3.683348423440707e-09,8.876869700492104e-07,True,1.0
vknng__alpha1_k4_k_max8_k_min2,synthetic_beta,0.2,gsmooth,0.1327545351918531,16,0.0,0.1327545351918531,0.1327545351918531,heat_diffusion_temporal,0.1328082211442333,16,0.0,5.368595238020024e-05,2.922532908233176e-08,5.961967132795679e-06,True,1.0
kalofolias,physionet_eegmmidb,0.4,gsp,1.1918365045793027e-05,30,1.3914463404114178e-06,1.1425578193226981e-05,1.2415570520272823e-05,gsmooth,1.2529205264407784e-05,31,1.552904953034608e-06,6.108402186147572e-07,0.02358512061154581,1.0,False,0.33763440860215055
knn__k3,physionet_eegmmidb,0.1,gsp,1.6656211353933758e-06,77,1.4373945059822647e-07,1.6347472893518047e-06,1.6991661780076585e-06,gsmooth,1.831002224597893e-06,78,1.678231160458013e-07,1.653810892045172e-07,2.194517967113099e-08,4.762103988635425e-06,True,0.5208125208125208
knng__k4_sigma1,physionet_eegmmidb,0.1,gsp,1.6926996725292372e-06,5,2.367529061553262e-22,1.6926996725292372e-06,1.6926996725292372e-06,trss,1.7007466196165537e-06,6,0.0,8.04694708731651e-09,0.0022366244452098707,0.3198372956650115,False,1.0
vknng__alpha1_k4_k_max8_k_min2,physionet_eegmmidb,0.1,gsp,1.6927911931818182e-06,5,2.367529061553262e-22,1.6927911931818182e-06,1.6927911931818182e-06,trss,1.7007869244698014e-06,6,2.319695260806319e-22,7.9957312879832e-09,0.0022366244452098707,0.3176006712198016,False,1.0
kalofolias,bci_competition_iv_2a_proxy,0.1,heat_diffusion_temporal,3.069541893373624e-07,1,,,,trss,3.254412053207441e-07,1,,1.848701598338172e-08,,,False,
kalofolias,bci_competition_iv_2a_proxy,0.3,heat_diffusion_temporal,4.125249381220975e-07,1,,,,trss,4.179892701376381e-07,1,,5.464332015540608e-09,,,False,
kalofolias,bci_competition_iv_2a_proxy,0.4,heat_diffusion_temporal,5.21382835026876e-07,1,,,,directed_tv,5.344575612254668e-07,1,,1.3074726198590727e-08,,,False,
kalofolias,mne_sample_proxy,0.1,heat_diffusion_temporal,1.3490296083348374e-07,1,,,,directed_tv,1.5846363404799784e-07,1,,2.3560673214514098e-08,,,False,
kalofolias,mne_sample_proxy,0.2,heat_diffusion_temporal,1.6253508897859757e-07,1,,,,wavelet_temporal,1.7662207274275104e-07,1,,1.4086983764153477e-08,,,False,
kalofolias,mne_sample_proxy,0.3,heat_diffusion_temporal,1.8506380365366085e-07,1,,,,wavelet_temporal,1.8692446876421654e-07,1,,1.8606651105556882e-09,,,False,
knn__k3,mne_sample_proxy,0.3,heat_diffusion_temporal,1.77646977063599e-07,6,2.2683509855808174e-08,1.6141610913246022e-07,1.9444735520566088e-07,directed_tv,1.8655322009146566e-07,6,2.9338490442548416e-08,8.906243027866664e-09,0.8181818181818182,1.0,False,0.11111111111111116
knn__k3,synthetic_alpha,0.3,heat_diffusion_temporal,0.19421396294714505,20,0.04445407844116206,0.1743334946928358,0.20415419707429966,directed_tv,0.19753527417878916,20,0.04544700405320574,0.003321311231644114,4.3423339118436015e-08,8.641244484568767e-06,True,0.9
gaussian__sigma1,synthetic_beta,0.2,heat_diffusion_temporal,0.1340096371196641,17,0.0,0.1340096371196641,0.1340096371196641,tv,0.1340780619424771,17,0.0,6.842482281299578e-05,1.0362566826242779e-08,2.42484063734081e-06,True,1.0
knn__k3,synthetic_beta,0.1,heat_diffusion_temporal,0.0616728807963703,19,0.01383527005274929,0.05532482353147255,0.06484690942881918,gsmooth,0.061858569488270954,19,0.013303231774868104,0.00018568869190065118,9.924347642443638e-08,1.8757017044218477e-05,True,0.9002770083102493
knn__k3,synthetic_beta,0.3,heat_diffusion_temporal,0.19321910588203414,19,0.04525399153788073,0.17245515052356394,0.20360108356126924,mean,0.19353786233540862,19,0.04498768815062183,0.0003187564533744802,9.924347642443638e-08,1.865777356779404e-05,True,0.9002770083102493
knn__k3,synthetic_beta,0.4,heat_diffusion_temporal,0.25970362750949094,19,0.061342014924641385,0.23155798076741982,0.2737764508805265,directed_tv,0.26529661923767117,19,0.0628558530117117,0.00559299172818023,1.188770214042271e-07,2.211112598118624e-05,True,0.8947368421052632
knng__k4_sigma1,synthetic_beta,0.1,heat_diffusion_temporal,0.0656624933649288,16,0.0,0.0656624933649288,0.0656624933649288,gsmooth,0.0657664208059119,16,0.0,0.00010392744098310092,2.922532908233176e-08,6.13731910728967e-06,True,1.0
knng__k4_sigma1,synthetic_beta,0.3,heat_diffusion_temporal,0.2017008894585394,16,0.0,0.2017008894585394,0.2017008894585394,gsmooth,0.202072796360852,16,0.0,0.00037190690231259094,2.922532908233176e-08,6.078868449125006e-06,True,1.0
knng__k4_sigma1,synthetic_beta,0.4,heat_diffusion_temporal,0.2734631308807948,16,0.0,0.2734631308807948,0.2734631308807948,directed_tv,0.274985253964378,16,0.0,0.0015221230835831823,2.922532908233176e-08,6.049643120042674e-06,True,1.0
nnk__k4,synthetic_beta,0.3,heat_diffusion_temporal,0.2026823115272412,18,0.0,0.2026823115272412,0.2026823115272412,mean,0.2038587458276235,18,0.0,0.0011764343003823063,3.683348423440707e-09,8.80320273202329e-07,True,1.0
nnk__k4,synthetic_beta,0.4,heat_diffusion_temporal,0.27358484175485004,18,5.712050337475533e-17,0.27358484175485004,0.27358484175485004,idw,0.2811073987258139,18,0.0,0.007522556970963878,3.683348423440707e-09,8.766369247788883e-07,True,1.0
aew__k4_sigma_corr0_5_sigma_dist1,synthetic_broad,0.2,heat_diffusion_temporal,0.11952574234339645,15,4.309462532715294e-17,0.11952574234339645,0.11952574234339645,trss,0.12025801406559694,15,5.745950043620392e-17,0.0007322717222004865,8.265685662204696e-08,1.5870116471433015e-05,True,1.0
aew__k4_sigma_corr0_5_sigma_dist1,synthetic_broad,0.3,heat_diffusion_temporal,0.1970722472652671,16,0.0,0.1970722472652671,0.1970722472652671,trss,0.1998397930882504,16,0.0,0.0027675458229833028,2.922532908233176e-08,6.224995094536665e-06,True,1.0
gaussian__sigma1,synthetic_broad,0.4,heat_diffusion_temporal,0.2351888525821222,20,0.0,0.2351888525821222,0.2351888525821222,trss,0.23679942875309176,20,5.695323946259567e-17,0.0016105761709695743,4.682682358742056e-10,1.325199107524002e-07,True,1.0
knn__k3,synthetic_broad,0.2,heat_diffusion_temporal,0.10881296940947584,21,0.034632770534395965,0.09235602578541721,0.1197785135886225,directed_tv,0.11030443218014707,21,0.034924592817095264,0.0014914627706712341,4.5880955023240564e-07,8.258571904183302e-05,True,0.8231292517006803
knn__k3,synthetic_broad,0.3,heat_diffusion_temporal,0.18169220948637343,22,0.05692619444019432,0.1552968304225665,0.19927994282728284,spherical_spline,0.1834760030344251,21,0.05825292120964784,0.0017837935480516653,2.871708348301187e-07,5.255226277391172e-05,True,0.8268398268398268
knn__k3,synthetic_broad,0.4,heat_diffusion_temporal,0.21531898849105977,22,0.06759026196176739,0.1839803372853259,0.236201462404332,spherical_spline,0.21669714089825468,21,0.06885619222227116,0.0013781524071949103,2.871708348301187e-07,5.226509193908161e-05,True,0.8268398268398268
knn__k5,synthetic_broad,0.4,heat_diffusion_temporal,0.2351614839899412,19,0.0,0.2351614839899412,0.2351614839899412,tv,0.23693155713383315,19,5.703228632848239e-17,0.0017700731438919648,1.3120632979510229e-09,3.503209005529231e-07,True,1.0
knng__k4_sigma1,synthetic_broad,0.2,heat_diffusion_temporal,0.119889627939235,17,0.0,0.119889627939235,0.119889627939235,directed_tv,0.1213906011416762,17,0.0,0.0015009732024412054,1.0362566826242779e-08,2.341940102730868e-06,True,1.0
knng__k4_sigma1,synthetic_broad,0.3,heat_diffusion_temporal,0.1988953163113326,18,0.0,0.1988953163113326,0.1988953163113326,directed_tv,0.2012612458769456,18,0.0,0.0023659295656130175,3.683348423440707e-09,9.061037121664139e-07,True,1.0
knng__k4_sigma1,synthetic_broad,0.4,heat_diffusion_temporal,0.2359594281987354,18,0.0,0.2359594281987354,0.2359594281987354,tv,0.2360595235990406,18,0.0,0.00010009540030520014,3.683348423440707e-09,9.024203637429733e-07,True,1.0
nnk__k4,synthetic_broad,0.1,heat_diffusion_temporal,0.08021061223083122,19,1.4258071582120596e-17,0.08021061223083122,0.08021061223083122,trss,0.0812340504905933,19,0.0,0.0010234382597620884,1.3120632979510229e-09,3.490088372549721e-07,True,1.0
nnk__k4,synthetic_broad,0.2,heat_diffusion_temporal,0.11957304136949211,19,1.4258071582120596e-17,0.11957304136949211,0.11957304136949211,trss,0.1240127950584369,19,0.0,0.004439753688944795,1.3120632979510229e-09,3.4769677395702104e-07,True,1.0
nnk__k4,synthetic_broad,0.3,heat_diffusion_temporal,0.1976438020164451,20,0.0,0.1976438020164451,0.1976438020164451,mean,0.20192023169480716,20,2.8476619731297836e-17,0.004276429678362059,4.682682358742056e-10,1.3111510604477756e-07,True,1.0
nnk__k4,synthetic_broad,0.4,heat_diffusion_temporal,0.2365847789332304,20,0.0,0.2365847789332304,0.2365847789332304,mean,0.23849821223150322,20,2.8476619731297836e-17,0.0019134332982728153,4.682682358742056e-10,1.3064683780890337e-07,True,1.0
vknng__alpha1_k4_k_max8_k_min2,synthetic_broad,0.2,heat_diffusion_temporal,0.11998982354712388,17,1.4304896245381992e-17,0.11998982354712388,0.11998982354712388,directed_tv,0.12079080340598732,17,1.4304896245381992e-17,0.000800979858863432,1.0362566826242779e-08,2.2797647017734113e-06,True,1.0
vknng__alpha1_k4_k_max8_k_min2,synthetic_broad,0.3,heat_diffusion_temporal,0.1992775936373751,18,0.0,0.1992775936373751,0.1992775936373751,directed_tv,0.2002521287634896,18,0.0,0.0009745351261145063,3.683348423440707e-09,8.729535763554476e-07,True,1.0
vknng__alpha1_k4_k_max8_k_min2,synthetic_broad,0.4,heat_diffusion_temporal,0.2359544392584446,18,0.0,0.2359544392584446,0.2359544392584446,tv,0.23626456755804565,18,5.712050337475533e-17,0.00031012829960105903,3.683348423440707e-09,8.692702279320068e-07,True,1.0
kalofolias,physionet_eegmmidb,0.3,idw,8.746354015622063e-06,26,5.727420883313102e-07,8.53229266147363e-06,8.95379319205785e-06,rbfi_tps,8.795103445016241e-06,25,7.303996782195032e-07,4.8749429394178326e-08,0.3592702712068925,1.0,False,0.15076923076923077
knn__k3,physionet_eegmmidb,0.3,idw,8.708258474162704e-06,87,7.212114438159773e-07,8.563290274147903e-06,8.86545310839062e-06,rbfi_tps,9.010196273749212e-06,77,7.810712699006375e-07,3.0193779958650766e-07,0.027724443585263568,1.0,False,0.19958202716823403
knn,synthetic,0.3,idw,0.173150056359198,54,0.03453584882090522,0.16397092730912144,0.18190004168885288,trss,0.17779708523431478,72,0.032332880902740654,0.004647028875116782,0.22996664646020626,1.0,False,0.1255144032921811
aew__k4_sigma_corr0_5_sigma_dist1,physionet_eegmmidb,0.2,linear,3.3157670454545457e-06,6,0.0,3.3157670454545457e-06,3.3157670454545457e-06,trss,3.976409835055152e-06,6,0.0,6.606427896006063e-07,0.0012619447673879731,0.19433949417774787,False,1.0
gaussian__sigma1,physionet_eegmmidb,0.2,linear,3.2929761878826204e-06,25,2.482531438730636e-07,3.1996954298801344e-06,3.3858100019373644e-06,gsmooth,4.419891963339915e-06,25,3.6618482928290123e-07,1.1269157754572944e-06,1.278831828979622e-09,3.555152484563349e-07,True,1.0
kalofolias,physionet_eegmmidb,0.2,linear,3.3354570458084896e-06,25,2.529716575757342e-07,3.2360112561526923e-06,3.4310272738236743e-06,gsp,4.529024084106736e-06,24,2.9190081328982815e-07,1.1935670382982466e-06,1.9256932044747e-09,5.083830059813209e-07,True,1.0
knn__k3,physionet_eegmmidb,0.2,linear,3.364782356922454e-06,87,3.0189280899866247e-07,3.3015314410158117e-06,3.4307108344999482e-06,idw,4.923780034490877e-06,87,4.0093987548761443e-07,1.5589976775684232e-06,4.675210287829341e-30,1.369836614333997e-27,True,1.0
knn__k5,physionet_eegmmidb,0.2,linear,3.3157670454545457e-06,6,0.0,3.3157670454545457e-06,3.3157670454545457e-06,gsmooth,4.3782376893939394e-06,6,0.0,1.0624706439393938e-06,0.0012619447673879731,0.1930775494103599,False,1.0
knng__k4_sigma1,physionet_eegmmidb,0.2,linear,3.3157670454545457e-06,6,0.0,3.3157670454545457e-06,3.3157670454545457e-06,gsmooth,4.435893349947633e-06,6,9.278781043225276e-22,1.1201263044930873e-06,0.0012619447673879731,0.19055365987558395,False,1.0
nnk__k4,physionet_eegmmidb,0.2,linear,3.3157670454545457e-06,7,0.0,3.3157670454545457e-06,3.3157670454545457e-06,tv,4.438391049136511e-06,7,0.0,1.1226240036819653e-06,0.0004124783363855208,0.06640901215806885,False,1.0
vknng__alpha1_k4_k_max8_k_min2,physionet_eegmmidb,0.2,linear,3.3157670454545457e-06,6,0.0,3.3157670454545457e-06,3.3157670454545457e-06,gsmooth,4.470891335227273e-06,6,0.0,1.155124289772727e-06,0.0012619447673879731,0.188029770340808,False,1.0
gaussian__sigma1.0,movielens_graph_signal,0.1,mean,0.01684504539901046,10,0.0017462002686715564,0.01587408172106856,0.017825865550511247,tv,0.01684599955581794,10,0.0017466897360703458,9.541568074811213e-07,0.5695872081149207,1.0,False,0.16000000000000003
knn__k3,movielens_graph_signal,0.1,mean,0.016900848778609256,26,0.002046503728215271,0.01615648306816587,0.017655067937246686,tv,0.016947566510614378,26,0.0020805920957449875,4.671773200512139e-05,0.7482641259638236,1.0,False,0.053254437869822535
knn__k3,movielens_graph_signal,0.2,mean,0.035578365382878126,44,0.0028452930072569754,0.03474414460693031,0.0363984243753123,tv,0.03602110774036622,90,0.003426425388440342,0.0004427423574880976,0.8106930685054908,1.0,False,0.025757575757575757
aew__k4_sigma_corr0_5_sigma_dist1,synthetic_alpha,0.1,mean,0.0589478976695532,16,0.0,0.0589478976695532,0.0589478976695532,idw,0.0625841043918718,16,0.0,0.0036362067223186037,2.922532908233176e-08,6.31267108178366e-06,True,1.0
aew__k4_sigma_corr0_5_sigma_dist1,synthetic_alpha,0.2,mean,0.1208467294395676,16,0.0,0.1208467294395676,0.1208467294395676,gsmooth,0.1288164554657387,16,0.0,0.00796972602617109,2.922532908233176e-08,6.283445752701328e-06,True,1.0
aew__k4_sigma_corr0_5_sigma_dist1,synthetic_alpha,0.4,mean,0.2610509096263227,15,0.0,0.2610509096263227,0.2610509096263227,wavelet_temporal,0.2694260729403783,15,0.0,0.008375163314055578,8.265685662204696e-08,1.6283400754543252e-05,True,1.0
gaussian__sigma1,synthetic_alpha,0.1,mean,0.05894789766955319,18,7.140062921844417e-18,0.05894789766955319,0.05894789766955319,tv,0.059098369181251095,18,7.140062921844417e-18,0.0001504715116979055,3.683348423440707e-09,9.68720635364906e-07,True,1.0
gaussian__sigma1,synthetic_alpha,0.4,mean,0.2610509096263227,17,0.0,0.2610509096263227,0.2610509096263227,gsmooth,0.2625194559971324,17,0.0,0.0014685463708096758,1.0362566826242779e-08,2.435203204167053e-06,True,1.0
kalofolias,synthetic_alpha,0.1,mean,0.05894789766955319,18,7.140062921844417e-18,0.05894789766955319,0.05894789766955319,tv,0.05898639055430371,18,7.140062921844417e-18,3.849288475051699e-05,3.683348423440707e-09,9.57670590094584e-07,True,1.0
kalofolias,synthetic_alpha,0.2,mean,0.12084672943956759,18,1.4280125843688834e-17,0.12084672943956759,0.12084672943956759,tv,0.12086114313369481,18,1.4280125843688834e-17,1.4413694127218823e-05,3.683348423440707e-09,9.53987241671143e-07,True,1.0
kalofolias,synthetic_alpha,0.4,mean,0.2610509096263227,17,0.0,0.2610509096263227,0.2610509096263227,tv,0.2611247552964125,17,0.0,7.384567008977827e-05,1.0362566826242779e-08,2.393752936862082e-06,True,1.0
knn__k3,synthetic_alpha,0.1,mean,0.05623229568018077,20,0.012144541296140829,0.05080109170143591,0.0589478976695532,idw,0.059693832487563755,20,0.012925688902981068,0.003461536807382988,3.653309644123946e-08,7.343152384689131e-06,True,0.905
knn__k3,synthetic_alpha,0.2,mean,0.11514287999263662,20,0.0255083901935245,0.10373518109877466,0.1208467294395676,gsmooth,0.12237928529448042,20,0.02734992459162244,0.007236405301843801,4.3423339118436015e-08,8.684667823687203e-06,True,0.9
knn__k5,synthetic_alpha,0.1,mean,0.0589478976695532,19,0.0,0.0589478976695532,0.0589478976695532,tv,0.061299010577496815,19,1.4258071582120596e-17,0.0023511129079436185,1.3120632979510229e-09,3.555691537447272e-07,True,1.0
knn__k5,synthetic_alpha,0.2,mean,0.1208467294395676,19,0.0,0.1208467294395676,0.1208467294395676,tv,0.1215400083518392,19,0.0,0.0006932789122715971,1.3120632979510229e-09,3.542570904467762e-07,True,1.0
knn__k5,synthetic_alpha,0.4,mean,0.2610509096263227,18,0.0,0.2610509096263227,0.2610509096263227,tv,0.26162166263414616,18,5.712050337475533e-17,0.0005707530078234435,3.683348423440707e-09,9.318871511304989e-07,True,1.0
knng__k4_sigma1,synthetic_alpha,0.1,mean,0.05894789766955319,17,7.152448122690996e-18,0.05894789766955319,0.05894789766955319,idw,0.0625841043918718,17,0.0,0.0036362067223186106,1.0362566826242779e-08,2.383390370035839e-06,True,1.0
knng__k4_sigma1,synthetic_alpha,0.2,mean,0.12084672943956759,17,1.4304896245381992e-17,0.12084672943956759,0.12084672943956759,gsmooth,0.1284630217277817,17,0.0,0.007616292288214116,1.0362566826242779e-08,2.3730278032095963e-06,True,1.0
nnk__k4,synthetic_alpha,0.1,mean,0.05894789766955319,18,7.140062921844417e-18,0.05894789766955319,0.05894789766955319,idw,0.0625841043918718,18,0.0,0.0036362067223186106,3.683348423440707e-09,8.987370153195326e-07,True,1.0
nnk__k4,synthetic_alpha,0.2,mean,0.12084672943956759,18,1.4280125843688834e-17,0.12084672943956759,0.12084672943956759,gsmooth,0.1278738544550376,18,0.0,0.007027125015470009,3.683348423440707e-09,8.950536668960918e-07,True,1.0
vknng__alpha1_k4_k_max8_k_min2,synthetic_alpha,0.1,mean,0.05894789766955319,17,7.152448122690996e-18,0.05894789766955319,0.05894789766955319,idw,0.0625841043918718,17,0.0,0.0036362067223186106,1.0362566826242779e-08,2.3212149690783826e-06,True,1.0
vknng__alpha1_k4_k_max8_k_min2,synthetic_alpha,0.2,mean,0.12084672943956759,17,1.4304896245381992e-17,0.12084672943956759,0.12084672943956759,tv,0.1270606942794721,17,0.0,0.0062139648399044956,1.0362566826242779e-08,2.31085240225214e-06,True,1.0
vknng__alpha1_k4_k_max8_k_min2,synthetic_alpha,0.4,mean,0.2610509096263227,16,0.0,0.2610509096263227,0.2610509096263227,tv,0.2620373251911637,16,0.0,0.00098641556484097,2.922532908233176e-08,6.020417790960343e-06,True,1.0
kalofolias,synthetic_beta,0.2,mean,0.1343883515386373,18,0.0,0.1343883515386373,0.1343883515386373,tv,0.1343889980578412,18,0.0,6.465192039228906e-07,3.683348423440707e-09,9.42937196400821e-07,True,1.0
knn__k3,synthetic_beta,0.2,mean,0.12773778702437896,19,0.028989138635149774,0.11443665799586226,0.1343883515386373,idw,0.12785667899513883,19,0.029222508788563153,0.00011889197075987123,1.188770214042271e-07,2.2230003002590468e-05,True,0.8947368421052632
knn__k5,synthetic_beta,0.1,mean,0.0658619827367564,18,0.0,0.0658619827367564,0.0658619827367564,heat_diffusion_temporal,0.06588711987026359,18,1.4280125843688834e-17,2.5137133507185938e-05,3.683348423440707e-09,9.282038027070582e-07,True,1.0
knn__k5,synthetic_beta,0.2,mean,0.1343883515386373,18,0.0,0.1343883515386373,0.1343883515386373,idw,0.13456078229440602,18,2.856025168737767e-17,0.00017243075576872657,3.683348423440707e-09,9.245204542836175e-07,True,1.0
nnk__k4,synthetic_beta,0.2,mean,0.1343883515386373,18,0.0,0.1343883515386373,0.1343883515386373,idw,0.13456078229440602,18,2.856025168737767e-17,0.00017243075576872657,3.683348423440707e-09,8.840036216257697e-07,True,1.0
knn__k3,bci_iv2a_real_s3,0.1,nearest,2.5353855556911893e-07,6,9.404470940431615e-09,2.4783346388075087e-07,2.6081085205078125e-07,trss,2.669043330287897e-07,6,5.5145111714211975e-09,1.3365777459670752e-08,0.025974025974025976,1.0,False,0.7777777777777778
knn__k3,bci_iv2a_real_s3,0.2,nearest,5.115988760283498e-07,11,1.3952639730454822e-08,5.034282424233175e-07,5.196106072628137e-07,trss,5.261379159652192e-07,11,9.730819592087382e-09,1.4539039936869346e-08,0.025159792147006886,1.0,False,0.5702479338842975
knn__k3,bci_iv2a_real_s3,0.3,nearest,9.129483772046636e-07,11,1.4404403644574946e-08,9.037457090435605e-07,9.196497454787746e-07,trss,9.466712254750727e-07,11,9.994292091068003e-09,3.3722848270409096e-08,7.780212158114597e-05,0.013304162790375962,True,1.0
gaussian__sigma1,physionet_eegmmidb,0.3,nearest,8.304769397849743e-06,26,6.861566953582202e-07,8.052414165875078e-06,8.55541772195133e-06,idw,8.675407335309672e-06,26,5.68522663717249e-07,3.706379374599289e-07,0.021162108282441857,1.0,False,0.3727810650887574
knn__k5,physionet_eegmmidb,0.3,nearest,8.520170454545455e-06,6,0.0,8.520170454545455e-06,8.520170454545455e-06,idw,8.733274028882618e-06,6,0.0,2.131035743371625e-07,0.0012619447673879731,0.19181560464297193,False,1.0
knng__k4_sigma1,physionet_eegmmidb,0.3,nearest,8.520170454545455e-06,6,0.0,8.520170454545455e-06,8.520170454545455e-06,idw,8.733274028882618e-06,6,0.0,2.131035743371625e-07,0.0012619447673879731,0.18929171510819598,False,1.0
nnk__k4,physionet_eegmmidb,0.3,nearest,8.520170454545455e-06,7,0.0,8.520170454545455e-06,8.520170454545455e-06,gsmooth,8.661231205438572e-06,7,1.8298002980544344e-21,1.4106075089311698e-07,0.0004124783363855208,0.06599653382168333,False,1.0
vknng__alpha1_k4_k_max8_k_min2,physionet_eegmmidb,0.3,nearest,8.520170454545455e-06,6,0.0,8.520170454545455e-06,8.520170454545455e-06,idw,8.733274028882618e-06,6,0.0,2.131035743371625e-07,0.0012619447673879731,0.18676782557342003,False,1.0
gaussian,physionet_eegmmidb,0.4,rbfi_tps,5.691620032471166e-06,4,6.013838476998544e-08,5.641602415360352e-06,5.737788197223839e-06,rbfi_mq,6.000225881908492e-06,4,5.639949028796774e-08,3.086058494373259e-07,0.02857142857142857,1.0,False,1.0
gaussian__sigma1,physionet_eegmmidb,0.1,rbfi_tps,1.8771499973196783e-06,24,1.4281003039926327e-07,1.8223889381535887e-06,1.934585153306187e-06,idw,1.921646400513696e-06,25,1.4796610143787875e-07,4.44964031940177e-08,0.34098893569142896,1.0,False,0.16000000000000003
kalofolias,physionet_eegmmidb,0.1,rbfi_tps,1.8720967567637407e-06,24,1.5598037731508378e-07,1.8152497079872122e-06,1.93422115768487e-06,idw,1.97259484353495e-06,25,1.4251975014400267e-07,1.0049808677120928e-07,0.013295516193822585,1.0,False,0.41333333333333333
aew,synthetic,0.1,spherical_spline,0.05110011138068078,20,0.0045236826379451,0.04925910394474765,0.053126179983590156,gsmooth,0.0519682184728606,60,0.007495750336560926,0.0008681070921798192,0.48033591799337283,1.0,False,0.10666666666666669
aew,synthetic,0.2,spherical_spline,0.10358528923471991,20,0.004566115955683536,0.10137562520073902,0.10547167203661158,gsmooth,0.10471725238033239,60,0.008325521765871778,0.0011319631456124801,0.11073195039287725,1.0,False,0.24
aew,synthetic,0.3,spherical_spline,0.1823133437159368,20,0.0034784518510953054,0.1808272473649458,0.18372694295469735,gsmooth,0.1847777718797872,60,0.005369992082770415,0.002464428163850396,0.008859369049605206,1.0,False,0.3933333333333333
aew,synthetic,0.4,spherical_spline,0.23314047752577896,20,0.006215776102799555,0.23053605417872272,0.23588074989845983,gsmooth,0.2335303218930827,60,0.010769177012313119,0.0003898443673037433,0.8982951931792895,1.0,False,0.020000000000000018
gaussian,synthetic,0.1,spherical_spline,0.05110011138068079,15,0.004563893941080629,0.049066173785829476,0.05335350049478775,tv,0.05135831682333556,45,0.004524990909657773,0.0002582054426547714,0.2525763336093858,1.0,False,0.19999999999999996
gaussian,synthetic,0.2,spherical_spline,0.1035852892347199,15,0.004606704451283521,0.10122513667110314,0.10574883386628967,tv,0.10373600487641962,45,0.004687359762120151,0.00015071564169973073,0.7455971750369157,1.0,False,0.05777777777777782
gaussian,synthetic,0.3,spherical_spline,0.18231334371593677,15,0.003509372031183419,0.18063258931019782,0.18407517171442567,tv,0.18269237627486085,45,0.0034511556107679055,0.00037903255892407506,0.3745573576668707,1.0,False,0.15555555555555556
gaussian,synthetic,0.4,spherical_spline,0.23314047752577896,15,0.006271028532533615,0.2303967723690835,0.2365477208622898,tv,0.23342241519387244,45,0.006408589538730221,0.0002819376680934793,0.669446167348811,1.0,False,0.0755555555555556
kalofolias,synthetic,0.1,spherical_spline,0.05110011138068078,20,0.0045236826379451,0.04925910394474765,0.053126179983590156,tv,0.051100190022722515,60,0.004446243327900265,7.864204173285705e-08,0.4268012223855139,1.0,False,0.12
kalofolias,synthetic,0.2,spherical_spline,0.10358528923471991,20,0.004566115955683536,0.10137562520073902,0.10547167203661158,tv,0.10358536320611544,60,0.004487936750899982,7.397139553666499e-08,0.7939477983674555,1.0,False,0.040000000000000036
kalofolias,synthetic,0.3,spherical_spline,0.1823133437159368,20,0.0034784518510953054,0.1808272473649458,0.18372694295469735,tv,0.18231341908284734,60,0.003418775258324009,7.536691054577105e-08,0.7598748571444529,1.0,False,0.046666666666666634
kalofolias,synthetic,0.4,spherical_spline,0.23314047752577896,20,0.006215776102799555,0.23053605417872272,0.23588074989845983,tv,0.23314056322540383,60,0.00610957211604464,8.569962486881799e-08,0.4268012223855139,1.0,False,0.12
knng,synthetic,0.1,spherical_spline,0.05110011138068078,20,0.0045236826379451,0.04925910394474765,0.053126179983590156,tv,0.05352732247132583,60,0.00540865583286704,0.0024272110906450456,0.0691866158336059,1.0,False,0.2733333333333333
knng,synthetic,0.2,spherical_spline,0.10358528923471991,20,0.004566115955683536,0.10137562520073902,0.10547167203661158,tv,0.10552904684493006,60,0.006317858522832633,0.0019437576102101506,0.14386746396571307,1.0,False,0.21999999999999997
knng,synthetic,0.3,spherical_spline,0.1823133437159368,20,0.0034784518510953054,0.1808272473649458,0.18372694295469735,tv,0.18679214702989447,60,0.0049459481280098305,0.004478803313957669,0.00011235074412600853,0.01909962650142145,True,0.5800000000000001
knng,synthetic,0.4,spherical_spline,0.23314047752577896,20,0.006215776102799555,0.23053605417872272,0.23588074989845983,tv,0.23640328653447187,60,0.007448672682961298,0.003262809008692913,0.008859369049605206,1.0,False,0.3933333333333333
nnk,synthetic,0.1,spherical_spline,0.05110011138068078,10,0.004647642099722735,0.04852908893629744,0.053878579941604075,gsmooth,0.05529151670399256,30,0.0048735052771235335,0.004191405323311775,0.02990664611301388,1.0,False,0.4666666666666667
nnk,synthetic,0.2,spherical_spline,0.10358528923471992,10,0.004691238189399277,0.10080706453103765,0.10616162175995994,gsmooth,0.10876805066074932,30,0.005510459633897625,0.0051827614260294,0.01546675876949252,1.0,False,0.52
nnk,synthetic,0.3,spherical_spline,0.1823133437159368,10,0.0035737695499242095,0.18022741747177137,0.18443877993659422,gsmooth,0.18794296492644053,30,0.005339847476338417,0.005629621210503727,0.007558108198196517,1.0,False,0.5733333333333333
nnk,synthetic,0.4,spherical_spline,0.233140477525779,10,0.006386102874569585,0.2298209417055,0.23737820710378638,gsmooth,0.23958182745899206,30,0.008577743763672473,0.006441349933213075,0.010889355954783768,1.0,False,0.5466666666666666
vknng,synthetic,0.1,spherical_spline,0.05110011138068078,20,0.0045236826379451,0.04925910394474765,0.053126179983590156,tv,0.05318390234962931,60,0.0053036470140549385,0.0020837909689485276,0.13199995676390777,1.0,False,0.22666666666666668
vknng,synthetic,0.2,spherical_spline,0.10358528923471991,20,0.004566115955683536,0.10137562520073902,0.10547167203661158,tv,0.10515895188310437,60,0.006098141691752145,0.0015736626483844607,0.18404576537784056,1.0,False,0.19999999999999996
vknng,synthetic,0.3,spherical_spline,0.1823133437159368,20,0.0034784518510953054,0.1808272473649458,0.18372694295469735,tv,0.18612236511819136,60,0.004535981451070457,0.0038090214022545588,0.0005347149400721188,0.08448496053139477,False,0.52
vknng,synthetic,0.4,spherical_spline,0.23314047752577896,20,0.006215776102799555,0.23053605417872272,0.23588074989845983,tv,0.23580146682463415,60,0.007211822963490337,0.002660989298855193,0.02657484238787066,1.0,False,0.33333333333333337
gaussian__sigma1,mne_sample_proxy,0.1,temporal_laplacian,1.2986988495039565e-07,1,,,,heat_diffusion_temporal,1.3135720400568118e-07,1,,1.4873190552855339e-09,,,False,
gaussian__sigma1,mne_sample_proxy,0.3,temporal_laplacian,1.707007133913716e-07,1,,,,tv,1.814932506663923e-07,1,,1.079253727502069e-08,,,False,
gaussian__sigma1,bci_competition_iv_2a_proxy,0.2,trss,4.180709465331646e-07,10,5.2628344148158924e-08,3.88089740694939e-07,4.501420203470085e-07,directed_tv,4.200382305772833e-07,10,4.5878973676284206e-08,1.9672840441187218e-09,0.8501067391385259,1.0,False,0.06000000000000005
gaussian__sigma1,bci_competition_iv_2a_proxy,0.4,trss,5.404791035207778e-07,10,8.378161152819182e-08,4.93627426494288e-07,5.948784574560834e-07,directed_tv,5.431883017624513e-07,10,8.716587575038563e-08,2.7091982416734337e-09,0.9097218891455553,1.0,False,0.040000000000000036
kalofolias,bci_competition_iv_2a_proxy,0.2,trss,3.414203342271202e-07,1,,,,tv,3.525299377087686e-07,1,,1.1109603481648438e-08,,,False,
knn__k3,bci_competition_iv_2a_proxy,0.2,trss,4.2487997901919457e-07,13,6.311723561413003e-08,3.9486584923407847e-07,4.598616238940352e-07,temporal_laplacian,4.26372556764383e-07,13,5.5643254523934756e-08,1.4925777451884318e-09,0.8374719604535413,1.0,False,0.053254437869822535
knn__k3,bci_competition_iv_2a_proxy,0.3,trss,4.764813902153285e-07,14,6.538506112059806e-08,4.4607864655273574e-07,5.102156936897544e-07,temporal_laplacian,4.852191042854709e-07,14,2.740952234185269e-08,8.737714070142458e-09,0.3953072503151053,1.0,False,0.19387755102040816
gaussian,bci_competition_proxy,0.1,trss,6.995450566701874e-06,19,2.829166467554795e-07,6.873735650180736e-06,7.117333345729461e-06,tv,7.061588775960006e-06,19,2.4414494486617505e-07,6.61382092581317e-08,0.7481026173282347,1.0,False,0.06371191135734067
gaussian,bci_competition_proxy,0.2,trss,7.464800260435471e-06,30,3.796825044988487e-07,7.332082719372641e-06,7.608694419717196e-06,tv,7.544791997691666e-06,30,3.702488905282336e-07,7.99917372561945e-08,0.3710770321265142,1.0,False,0.13555555555555554
gaussian,bci_competition_proxy,0.3,trss,7.778292020418195e-06,33,3.976283300177634e-07,7.646071730459262e-06,7.918089115452354e-06,tv,7.831262609158398e-06,33,3.99081973188536e-07,5.297058874020324e-08,0.49669653586440854,1.0,False,0.09825528007346185
gaussian,bci_competition_proxy,0.4,trss,7.835031811653786e-06,13,1.8079456933283622e-07,7.743861279303955e-06,7.924076359091082e-06,tv,8.099007617805441e-06,13,1.2383079781822263e-07,2.6397580615165536e-07,0.0008581206663936744,0.1338668239574132,False,0.7751479289940828
kalofolias,bci_competition_proxy,0.1,trss,7.148158431126843e-06,9,3.2696574510925115e-07,6.943136847094789e-06,7.341528742878113e-06,tv,7.5259372606496305e-06,9,4.42568958117965e-07,3.777788295227872e-07,0.0933976745287926,1.0,False,0.4814814814814815
kalofolias,bci_competition_proxy,0.2,trss,7.524522263484971e-06,16,3.009393445281805e-07,7.389712837436648e-06,7.67112961825612e-06,tv,7.669336700582534e-06,16,2.9773707559759275e-07,1.448144370975634e-07,0.136563154180369,1.0,False,0.3125
kalofolias,bci_competition_proxy,0.3,trss,7.92848416069279e-06,16,3.110873587249068e-07,7.782918978573568e-06,8.073126096653463e-06,tv,8.04711006019299e-06,16,2.5385813283419333e-07,1.1862589950020011e-07,0.18091058756582523,1.0,False,0.28125
kalofolias,bci_competition_proxy,0.4,trss,7.899759269194597e-06,3,2.0730917372628534e-07,7.74495770758307e-06,8.135288007373653e-06,tv,8.02390965702694e-06,3,2.331598072430468e-07,1.2415038783234215e-07,0.7,1.0,False,0.33333333333333337
knn__k3,bci_competition_proxy,0.1,trss,6.706634002355933e-06,26,2.2762662482433243e-07,6.6229544507357e-06,6.786483554533064e-06,tv,6.798217288706074e-06,26,2.4240765983955464e-07,9.158328635014122e-08,0.23783051471051397,1.0,False,0.1923076923076923
knn__k3,bci_competition_proxy,0.2,trss,7.095656169133554e-06,37,3.327487155353776e-07,6.992929052589588e-06,7.198173954678647e-06,tv,7.180911397281793e-06,37,3.1298265050143976e-07,8.525522814823972e-08,0.3305667348340938,1.0,False,0.1322132943754566
knn__k3,bci_competition_proxy,0.3,trss,7.436753600646277e-06,40,3.591717500120537e-07,7.32821087325908e-06,7.5467066224899355e-06,tv,7.5157807483489294e-06,40,3.514539770071173e-07,7.90271477026527e-08,0.2790163132113639,1.0,False,0.14125
knn__k3,bci_competition_proxy,0.4,trss,7.485744683420906e-06,16,2.1369281274160544e-07,7.3903379917312356e-06,7.588949716026355e-06,tv,7.679330471193297e-06,16,2.186554566728144e-07,1.9358578777239107e-07,0.01670002633652596,1.0,False,0.5
gaussian__sigma1.0,bci_iv2a_real_s1,0.1,trss,8.470284137498295e-07,10,3.3266627774318523e-08,8.28960574458233e-07,8.669881082735677e-07,tv,1.2539220383748945e-06,10,4.3138161460999555e-08,4.0689362462506503e-07,0.0001746242085521927,0.029336867036768372,True,1.0
gaussian__sigma1.0,bci_iv2a_real_s1,0.2,trss,1.6728002615073711e-06,12,6.436574957822512e-08,1.6365189952412535e-06,1.7047538167972176e-06,tv,2.4062906946979544e-06,12,9.097302094266732e-08,7.334904331905832e-07,3.462842221038823e-05,0.0059907170423971635,True,1.0
gaussian__sigma1.0,bci_iv2a_real_s1,0.3,trss,3.274526927618505e-06,10,9.145429991232769e-08,3.2206743120752715e-06,3.3251243748028507e-06,tv,4.4077369803010246e-06,10,1.091469142984081e-07,1.1332100526825197e-06,0.0001746242085521927,0.02916224282821618,True,1.0
gaussian__sigma1.0,bci_iv2a_real_s1,0.4,trss,4.353418019024322e-06,2,5.686923969522535e-08,4.313205393994905e-06,4.393630644053739e-06,tv,5.674021650903271e-06,2,6.239740820985385e-08,1.320603631878949e-06,,,False,
knn__k3,bci_iv2a_real_s1,0.1,trss,8.554214394307161e-07,36,4.3221107406670515e-08,8.410840278111256e-07,8.684017737834441e-07,tv,1.2524695785030303e-06,36,5.109321940794073e-08,3.9704813907231416e-07,2.602157783666958e-13,7.442171261287499e-11,True,1.0
knn__k3,bci_iv2a_real_s1,0.2,trss,1.5899176272685407e-06,64,2.632637471010715e-07,1.5174196444558219e-06,1.6487103575138756e-06,mean,2.406509202102135e-06,58,8.92895470661702e-08,8.165915748335944e-07,1.3036337206579481e-21,3.793574127114629e-19,True,1.0
knn__k3,bci_iv2a_real_s1,0.3,trss,3.217004900861791e-06,41,7.728661739475899e-08,3.1938372266579006e-06,3.2409778010529e-06,tv,4.393423523893358e-06,41,1.0298192235645998e-07,1.176418623031567e-06,5.5429817064699986e-15,1.5963787314633597e-12,True,1.0
knn__k3,bci_iv2a_real_s1,0.4,trss,4.253041601282743e-06,2,6.381963596645898e-09,4.24852887154627e-06,4.257554331019218e-06,tv,5.6734973804201955e-06,2,6.232717970557725e-08,1.4204557791374523e-06,,,False,
gaussian__sigma1.0,bci_iv2a_real_s2,0.1,trss,2.466918322712468e-07,4,8.633750625412912e-09,2.3941535200754684e-07,2.539683125349467e-07,nearest,3.2824198404947914e-07,4,1.7220170339493978e-08,8.155015177823233e-08,0.02857142857142857,1.0,False,1.0
gaussian__sigma1.0,bci_iv2a_real_s2,0.2,trss,5.118240982306747e-07,6,1.1640171933252342e-08,5.029228144486343e-07,5.189835395589196e-07,nearest,6.64965311686198e-07,4,2.088547494837529e-08,1.5314121345552327e-07,0.013632489904161065,1.0,False,1.0
gaussian__sigma1.0,bci_iv2a_real_s2,0.3,trss,9.477351243685203e-07,4,1.4964885988029153e-08,9.331317136953009e-07,9.580697702726229e-07,nearest,1.1933231353759766e-06,4,2.7348792247702506e-08,2.455880110074563e-07,0.02857142857142857,1.0,False,1.0
gaussian__sigma1.0,bci_iv2a_real_s2,0.4,trss,1.2623297914016727e-06,2,2.0782888116318583e-08,1.2476340702819824e-06,1.2770255125213628e-06,tv,1.590122222057882e-06,2,2.0310809824933376e-08,3.2779243065620926e-07,,,False,
knn__k3,bci_iv2a_real_s2,0.1,trss,2.9113899088020243e-07,10,1.0980710433262737e-08,2.849034552834698e-07,2.977393644831284e-07,nearest,3.338101704915364e-07,10,1.911817209295114e-08,4.2671179611334e-08,0.0001746242085521927,0.028812994411111795,True,1.0
knn__k3,bci_iv2a_real_s2,0.2,trss,5.929461605199567e-07,22,1.6089848055703105e-08,5.861864129964644e-07,5.998665785349958e-07,nearest,6.629339853922527e-07,18,1.9190808939333523e-08,6.998782487229597e-08,6.672066912476399e-08,1.321069248670327e-05,True,1.0
knn__k3,bci_iv2a_real_s2,0.3,trss,1.0625548599735037e-06,15,2.0735896998899246e-08,1.0521157380286183e-06,1.0722756212897889e-06,nearest,1.1932288275824653e-06,15,2.928573413230757e-08,1.3067396760896161e-07,3.113098641666425e-06,0.0005510184595749572,True,1.0
knn__k3,bci_iv2a_real_s2,0.4,trss,1.3944221101425227e-06,2,4.2059037506394454e-08,1.364681879511572e-06,1.4241623407734737e-06,tv,1.590112956155853e-06,2,2.033800924404341e-08,1.956908460133303e-07,,,False,
gaussian__sigma1.0,iris_graph_signal,0.1,trss,0.10228271792589134,10,0.008834421898442227,0.09711929553773642,0.10740675895175344,tv,0.12256515486136635,10,0.012388167218024031,0.020282436935475004,0.0027449859637013302,0.3870430208818876,False,0.8
gaussian__sigma1.0,iris_graph_signal,0.2,trss,0.10216568488638864,17,0.008488770474690792,0.09856602219546765,0.10603813778336786,tv,0.1231158041730728,17,0.011474978928140507,0.020950119286684166,2.4549286235220237e-05,0.004271575804928322,True,0.8477508650519031
gaussian__sigma1.0,iris_graph_signal,0.3,trss,0.10200751573039683,15,0.00888576370244802,0.09798722799360038,0.10643216394362501,tv,0.12277934741171796,15,0.011922094081606407,0.02077183168132113,0.00015133970039825075,0.025576409367304376,True,0.8133333333333334
gaussian__sigma1.0,iris_graph_signal,0.4,trss,0.22840231584561985,2,0.007208706789302856,0.2233049903913183,0.2334996412999214,tv,0.2668380612503577,2,0.008416139699859704,0.03843574540473785,,,False,
knn__k3,iris_graph_signal,0.1,trss,0.10551074677628836,28,0.008698631723399675,0.10227037261481017,0.1088054384505373,tv,0.12608685999021255,28,0.011163126130120922,0.02057611321392419,1.200326024590535e-07,2.2206031454924894e-05,True,0.8239795918367347
knn__k3,iris_graph_signal,0.2,trss,0.10765421328284128,114,0.029204087971668763,0.10276674420193298,0.11336546818871539,tv,0.1347834542076349,114,0.02353203309150189,0.02712924092479363,6.337133392952743e-21,1.8377686839562956e-18,True,0.719144352108341
knn__k3,iris_graph_signal,0.3,trss,0.10573369551138996,21,0.00905008374193899,0.10193049949503807,0.10952039082730099,tv,0.12655329663788195,21,0.011502512976059929,0.02081960112649199,8.844826345374953e-06,0.0015478446104406167,True,0.800453514739229
knn__k3,iris_graph_signal,0.4,trss,0.25359656692305027,2,0.00603241504700748,0.2493310053363795,0.257862128509721,mean,0.26808987308644694,2,0.01181453529698738,0.014493306163396669,,,False,
knn__k5,iris_graph_signal,0.2,trss,0.10392380828980838,5,0.009753275158415616,0.09651067751010378,0.11160729263734939,tv,0.1271634074249073,5,0.011663341549383388,0.02323959913509893,0.015873015873015872,1.0,False,0.92
knn__k5,iris_graph_signal,0.3,trss,0.10392380828980838,5,0.009753275158415616,0.09651067751010378,0.11160729263734939,tv,0.1271634074249073,5,0.011663341549383388,0.02323959913509893,0.015873015873015872,1.0,False,0.92
knn__k3,iv100hz_mat,0.1,trss,16.151723527872637,20,0.3855146522669918,15.993409652503487,16.327584705419866,tv,17.512297391727664,20,1.0438120875934969,1.360573863855027,8.300910915590587e-06,0.0014609603211439433,True,0.825
knn__k3,iv100hz_mat,0.2,trss,36.772452121510064,118,15.143608634025682,33.97189967322246,39.558050281607855,tv,46.32172198936225,118,12.073693926750492,9.549269867852189,2.9483733160593003e-17,8.520798883411378e-15,True,0.6363114047687446
knn__k3,iv100hz_mat,0.3,trss,65.71811190820087,25,0.9178673841453514,65.36976156243239,66.07265084339203,mean,73.18838664215687,25,0.7083733210514569,7.470274733956003,1.304733565122163e-09,3.60106463973717e-07,True,1.0
knn__k3,iv100hz_mat,0.4,trss,88.19302543176971,2,0.29131433929392603,87.98703508699809,88.39901577654132,mean,94.15993055555555,2,1.0175462999824771,5.9669051237858355,,,False,
knn__k5,iv100hz_mat,0.3,trss,62.75406059442507,5,1.0073847283401767,61.984674959551555,63.5234462292986,tv,63.54614312338688,5,5.371395395226236,0.7920825289618065,0.8412698412698413,1.0,False,0.12
kalofolias,mne_sample,0.1,trss,2.8327669752341453e-06,80,1.011812510225619e-06,2.6048392098653584e-06,3.0581924947204166e-06,gsp,2.832766975234148e-06,20,1.0315892179703071e-06,2.541098841762901e-21,0.9793610957753477,1.0,False,0.004375000000000018
kalofolias,mne_sample,0.2,trss,4.74420541480049e-06,80,1.1063135134998863e-06,4.488043744993243e-06,5.006118410093322e-06,gsp,4.744205414800878e-06,20,1.1279373210823928e-06,3.8794108984246956e-19,0.9759317164394167,1.0,False,0.0050000000000000044
kalofolias,mne_sample,0.3,trss,6.3841940462485555e-06,80,1.4847993823545846e-06,6.036877745560419e-06,6.7306465884412495e-06,gsp,6.384194046269076e-06,20,1.5138210075472727e-06,2.052022018018268e-17,0.9313091492002539,1.0,False,0.013125000000000053
kalofolias,mne_sample,0.4,trss,8.714719480146615e-06,80,1.3406875782636237e-06,8.400253719213978e-06,9.00992363373152e-06,gsp,8.714719480665082e-06,20,1.366892420805373e-06,5.184671729484627e-16,0.8937332859266114,1.0,False,0.020000000000000018
gaussian,mne_sample_proxy,0.1,trss,1.7451637600493643e-06,28,7.391855956426756e-08,1.7195951346527477e-06,1.7731583105875262e-06,tv,1.779886941181069e-06,28,7.061728378378534e-08,3.472318113170471e-08,0.07018023852727895,1.0,False,0.28316326530612246
gaussian,mne_sample_proxy,0.2,trss,1.8747704141420932e-06,39,8.578555410293083e-08,1.8486857557216474e-06,1.9031451862070604e-06,tv,1.8822265961595061e-06,39,7.879891354397348e-08,7.456182017412889e-09,0.5421292790202515,1.0,False,0.0808678500986193
gaussian,mne_sample_proxy,0.3,trss,1.9486626941584575e-06,42,8.025114466753464e-08,1.925678412708162e-06,1.9730505668376417e-06,tv,1.9703205689522133e-06,42,9.249495114168122e-08,2.165787479375586e-08,0.24302424933186417,1.0,False,0.14852607709750565
gaussian,mne_sample_proxy,0.4,trss,1.968055443742645e-06,13,5.7653989539928607e-08,1.939192380280922e-06,2.000172862152833e-06,tv,1.986745083743733e-06,13,4.923345304648051e-08,1.868964000108805e-08,0.3298783320498747,1.0,False,0.23076923076923073
kalofolias,mne_sample_proxy,0.4,trss,1.9843975195284118e-06,3,3.497892279746012e-08,1.957762025481285e-06,2.024010473010944e-06,tv,1.9946306430306603e-06,3,2.1833319231443104e-08,1.023312350224851e-08,1.0,1.0,False,0.11111111111111116
aew,physionet_eegmmidb,0.4,trss,4.997833767062484e-06,4,7.209716535666048e-08,4.941137387798282e-06,5.067593355870525e-06,rbfi_tps,5.691620032471166e-06,4,6.013838476998544e-08,6.93786265408682e-07,0.02857142857142857,1.0,False,1.0
aew__k4_sigma_corr0_5_sigma_dist1,physionet_eegmmidb,0.1,trss,1.6890409224632534e-06,6,0.0,1.6890409224632534e-06,1.6890409224632534e-06,gsp,1.6908097752324019e-06,5,2.367529061553262e-22,1.7688527691484927e-09,0.0022366244452098707,0.3265471690006411,False,1.0
aew__k4_sigma_corr0_5_sigma_dist1,physionet_eegmmidb,0.3,trss,8.252801322438139e-06,6,0.0,8.252801322438139e-06,8.252801322438139e-06,gsp,8.281169585246762e-06,5,0.0,2.8368262808623263e-08,0.0022366244452098707,0.32431054455543123,False,1.0
aew__k4_sigma_corr0_5_sigma_dist1,physionet_eegmmidb,0.4,trss,1.227409502691185e-05,7,1.8298002980544344e-21,1.227409502691185e-05,1.227409502691185e-05,gsmooth,1.2361070948037847e-05,7,0.0,8.697592112599655e-08,0.0004124783363855208,0.06764644716722541,False,1.0
gaussian,physionet_eegmmidb,0.1,trss,2.2458561731100268e-05,3,2.0585295555238166e-07,2.2238133226814576e-05,2.264580776359012e-05,graph_time_tikhonov,2.2905674778355447e-05,3,2.4746336549404176e-07,4.4711304725517876e-07,0.1,1.0,False,1.0
gaussian,physionet_eegmmidb,0.3,trss,2.694903009383997e-05,7,2.5743707628384194e-06,2.529069651258993e-05,2.856038225626217e-05,tv,2.7125872116692325e-05,7,2.1055767860743454e-06,1.768420228523556e-07,0.7103729603729605,1.0,False,0.1428571428571429
gaussian__sigma1,physionet_eegmmidb,0.4,trss,1.2432058486787655e-05,28,8.57603170977418e-07,1.2115410797209903e-05,1.2749500462213254e-05,gsmooth,1.2533810335284998e-05,28,1.0235287795040707e-06,1.0175184849734244e-07,0.20740880336089473,1.0,False,0.1964285714285714
knn,physionet_eegmmidb,0.4,trss,5.055852148187937e-06,8,8.978812464636017e-08,4.998401410803252e-06,5.113989745997408e-06,rbfi_tps,5.691620032471166e-06,8,5.5677325387908006e-08,6.357678842832291e-07,0.0009068567509923489,0.14056279640381408,False,1.0
knn__k5,physionet_eegmmidb,0.1,trss,1.848430001990473e-06,6,0.0,1.848430001990473e-06,1.848430001990473e-06,gsp,1.8512784090909092e-06,5,2.367529061553262e-22,2.8484071004362377e-09,0.0022366244452098707,0.3220739201102214,False,1.0
knng,physionet_eegmmidb,0.4,trss,5.090254783602433e-06,4,7.26037978753235e-08,5.037401981596647e-06,5.1592819161849555e-06,rbfi_tps,5.691620032471166e-06,4,6.013838476998544e-08,6.013652488687331e-07,0.02857142857142857,1.0,False,1.0
nnk,physionet_eegmmidb,0.4,trss,4.991204087491076e-06,4,7.118719755648492e-08,4.934737736038291e-06,5.053629598412899e-06,gsp,5.653346740236701e-06,4,1.0576452536223922e-07,6.621426527456254e-07,0.02857142857142857,1.0,False,1.0
nnk__k4,physionet_eegmmidb,0.1,trss,1.741268359573271e-06,7,0.0,1.741268359573271e-06,1.741268359573271e-06,gsp,1.7475950842226455e-06,6,0.0,6.326724649374638e-09,0.0007205896319716217,0.1131325722195446,False,1.0
vknng,physionet_eegmmidb,0.4,trss,5.166693496585012e-06,4,6.296019043217988e-08,5.120799571996978e-06,5.22249026265456e-06,rbfi_tps,5.691620032471166e-06,4,6.013838476998544e-08,5.249265358861541e-07,0.02857142857142857,1.0,False,1.0
gaussian__sigma1.0,physionet_eegmmidb_real,0.1,trss,1.4870661806080062e-06,10,3.887592613654195e-08,1.4625307089084936e-06,1.5083166671742324e-06,tv,2.0671787461449537e-06,10,5.1126356499773214e-08,5.801125655369474e-07,0.0001746242085521927,0.02898761861966399,True,1.0
gaussian__sigma1.0,physionet_eegmmidb_real,0.2,trss,3.023328659352397e-06,17,6.631154894149805e-08,2.9955201588547117e-06,3.0577942311564823e-06,tv,4.091066590543886e-06,17,8.529541311709334e-08,1.0677379311914888e-06,6.444716546601822e-07,0.00011536042618417261,True,1.0
gaussian__sigma1.0,physionet_eegmmidb_real,0.3,trss,5.576091398265471e-06,15,3.0009715373816426e-08,5.561571779643869e-06,5.589993457571511e-06,tv,7.196645540078023e-06,15,6.98861798150262e-08,1.6205541418125517e-06,3.113098641666425e-06,0.0005541315582166237,True,1.0
gaussian__sigma1.0,physionet_eegmmidb_real,0.4,trss,7.496747792637002e-06,2,1.6859879794295227e-07,7.37753043931164e-06,7.615965145962364e-06,tv,9.348741517670426e-06,2,1.8258340647694835e-07,1.8519937250334241e-06,,,False,
knn__k3,physionet_eegmmidb_real,0.1,trss,1.0025974345823044e-06,35,1.2802419091475197e-07,9.63768685911285e-07,1.0466450353531336e-06,tv,2.0210503689664137e-06,35,4.9074626401609794e-08,1.0184529343841093e-06,5.967664910291185e-13,1.7007844994329878e-10,True,1.0
knn__k3,physionet_eegmmidb_real,0.2,trss,2.7899690577694886e-06,129,1.7531211636848052e-06,2.502030596846004e-06,3.114598352031999e-06,tv,4.4505774452560255e-06,129,1.1210219012912068e-06,1.6606083874865369e-06,5.574476764951539e-25,1.6277472153658495e-22,True,0.7432846583738958
knn__k3,physionet_eegmmidb_real,0.3,trss,3.929265167700845e-06,40,4.3409072968793733e-07,3.8023249056806804e-06,4.065707405042453e-06,tv,7.060784121489105e-06,40,6.976429226754386e-08,3.13151895378826e-06,1.2723833643750698e-14,3.6517402557564505e-12,True,1.0
knn__k3,physionet_eegmmidb_real,0.4,trss,5.130726004563459e-06,2,5.840994892367956e-08,5.089423933590765e-06,5.1720280755361525e-06,tikhonov,8.425557489138208e-06,2,1.3753352525468782e-07,3.2948314845747496e-06,,,False,
knn__k5,physionet_eegmmidb_real,0.2,trss,1.9739253884910255e-06,5,4.703793288469659e-08,1.9388860022146848e-06,2.0072704684588736e-06,tv,4.06782154094027e-06,5,1.0049552780305184e-07,2.0938961524492447e-06,0.007936507936507936,1.0,False,1.0
knn__k5,physionet_eegmmidb_real,0.3,trss,3.712763325645815e-06,5,4.7128019916941905e-08,3.674712021576368e-06,3.744404485628408e-06,tv,7.153213667003167e-06,5,6.563611627558489e-08,3.4404503413573523e-06,0.007936507936507936,1.0,False,1.0
knn,synthetic,0.1,trss,0.04819071642556397,72,0.014623641915600645,0.044649820182962006,0.05146430709689202,idw,0.05058349617493044,54,0.012237987749105025,0.0023927797493664693,0.4792875097764103,1.0,False,0.07407407407407407
knn,synthetic,0.2,trss,0.100134461685154,72,0.02095880193959563,0.09508697377777116,0.10492484084257793,idw,0.10196505331723194,54,0.019354209132024933,0.001830591632077938,0.666198394665652,1.0,False,0.04526748971193417
knn,synthetic,0.4,trss,0.2215356831172105,72,0.040051182838679984,0.21154132031993456,0.23083154637698794,idw,0.22191217047132245,54,0.04184864286100066,0.0003764873541119429,0.8148506702705488,1.0,False,-0.024691358024691468
gaussian,synthetic_16ch,0.3,trss,0.5190594481876979,36,0.03468121242552525,0.5087295871314651,0.5310168829257477,tv,0.5220023524260955,36,0.022611449683863902,0.0029429042383976034,0.22172334910420421,1.0,False,0.16820987654320985
gaussian,synthetic_16ch,0.4,trss,0.5183286760437817,9,0.008552334227312271,0.5130622698330551,0.5233552607157208,tv,0.5266971667294958,9,0.006090426399187061,0.008368490685714103,0.07738861114200664,1.0,False,0.5061728395061729
kalofolias,synthetic_16ch,0.1,trss,0.4765685260087021,9,0.02268699367795652,0.46205415701663516,0.48988532685690944,graph_time_tikhonov,0.49126937442509067,9,0.02881177287000537,0.014700848416388579,0.18532630419857943,1.0,False,0.3827160493827161
kalofolias,synthetic_16ch,0.3,trss,0.535312370918887,16,0.026173790305253877,0.5231941220625547,0.5476960965391602,tv,0.5368909545407387,16,0.023073526103053632,0.0015785836218517035,0.6923015362060488,1.0,False,0.0859375
knn__k3,synthetic_16ch,0.1,trss,0.4443135833492217,38,0.01815705624985837,0.438704546320624,0.4499633725939468,tv,0.4589911658108399,40,0.02564642138670358,0.014677582461618155,0.012624128759918769,1.0,False,0.32894736842105265
knn__k3,synthetic_16ch,0.2,trss,0.46792615551007594,45,0.018317998384390213,0.4627743092014468,0.47332992019378134,tv,0.4753911482232799,47,0.02180471123341575,0.007464992713203944,0.15289438342032521,1.0,False,0.17352245862884164
knn__k3,synthetic_16ch,0.3,trss,0.4918050585549003,48,0.019922761329363558,0.4866203916871371,0.4974285099354692,tv,0.4951937329442018,48,0.019655972918538,0.003388674389301516,0.36161612623128914,1.0,False,0.10850694444444442
knn__k3,synthetic_16ch,0.4,trss,0.5010018457104969,12,0.014864442084841797,0.49341938923748063,0.509586623379627,tv,0.5054077702625505,12,0.014411540133988975,0.004405924552053575,0.3407786135629546,1.0,False,0.23611111111111116
gaussian,synthetic_32ch,0.1,trss,0.3995280531623302,10,0.01476400229423726,0.3909766420309809,0.4081118699524552,tv,0.4073570115895676,10,0.014447481877006067,0.007828958427237409,0.27303633975118835,1.0,False,0.30000000000000004
gaussian,synthetic_32ch,0.2,trss,0.42544788549404905,10,0.015076369066996597,0.4159925183054042,0.4343336521581527,tv,0.42712249609659736,10,0.014451261734885137,0.0016746106025483098,1.0,1.0,False,0.0
gaussian,synthetic_32ch,0.3,trss,0.4364334468178739,10,0.013630326338976692,0.4276892500736111,0.44351636708287007,tv,0.44345238136323095,10,0.012151218402323478,0.0070189345453570695,0.6231762238821174,1.0,False,0.14
gaussian,synthetic_32ch,0.4,trss,0.46222144457153946,10,0.014710823349006065,0.45357101786714615,0.47116168308156775,tv,0.46251321848093446,10,0.011190438355731611,0.0002917739093949989,0.8501067391385259,1.0,False,0.06000000000000005
kalofolias,synthetic_32ch,0.1,trss,0.40222477230710707,3,0.0005836820967118449,0.4017873278420064,0.4028875289358324,tv,0.40352326456427695,3,0.004792338496180646,0.001298492257169881,0.7,1.0,False,-0.33333333333333326
kalofolias,synthetic_32ch,0.2,trss,0.4267914565481434,3,0.00876756553213743,0.41739883152599716,0.4347594890587488,tv,0.432433108577913,3,0.015227789877594468,0.005641652029769628,0.7,1.0,False,0.33333333333333337
kalofolias,synthetic_32ch,0.3,trss,0.4423228237426069,3,0.007133066209682114,0.4351319261471291,0.44939661659754054,graph_time_tikhonov,0.44515339990472125,3,0.012458709185775891,0.002830576162114351,1.0,1.0,False,0.11111111111111116
kalofolias,synthetic_32ch,0.4,trss,0.4622019596432922,3,0.005964395655942039,0.4584313650503303,0.4690783467859155,tv,0.4675451877388239,3,0.0024145532183641734,0.005343228095531727,0.4,1.0,False,0.5555555555555556
knn__k3,synthetic_32ch,0.1,trss,0.3827802619392936,13,0.012623927423303111,0.3769291288338768,0.39010505482136015,tv,0.38333407245031526,13,0.011049391603558681,0.0005538105110216573,0.6444123337698114,1.0,False,0.1124260355029586
knn__k3,synthetic_32ch,0.2,trss,0.40582254719459177,13,0.013922057011805824,0.39876893249059336,0.4129771541132808,tv,0.4103691597936159,13,0.014823262411235364,0.0045466125990241135,0.3298783320498747,1.0,False,0.23076923076923073
knn__k3,synthetic_32ch,0.3,trss,0.4216232414469504,13,0.011715689061916562,0.4159212683292431,0.42815536295290435,tv,0.4243179385620701,13,0.01588359207181518,0.002694697115119715,0.57268433313998,1.0,False,0.13609467455621305
knn__k3,synthetic_32ch,0.4,trss,0.43677788629528574,13,0.013239773724865163,0.43000331301342176,0.44406589800649304,tv,0.44318203410962503,13,0.009438921643060483,0.006404147814339289,0.19982465733238353,1.0,False,0.30177514792899407
aew__k4_sigma_corr0_5_sigma_dist1,synthetic_beta,0.3,trss,0.18884673200489976,15,2.872975021810196e-17,0.18884673200489976,0.18884673200489976,gsp,0.19322328244358117,14,2.8803322042068636e-17,0.004376550438681404,1.3919695959869491e-07,2.5612240566159866e-05,True,1.0
gaussian__sigma1,synthetic_beta,0.1,trss,0.0651497795573701,17,0.0,0.0651497795573701,0.0651497795573701,gsp,0.0651506550608471,16,0.0,8.755034770074888e-07,1.7398782047652925e-08,3.7929344863883376e-06,True,1.0
aew__k4_sigma_corr0_5_sigma_dist1,synthetic_broad,0.1,trss,0.08008877278370209,15,1.436487510905098e-17,0.08008877278370209,0.08008877278370209,heat_diffusion_temporal,0.08065072556746081,15,1.436487510905098e-17,0.0005619527837587152,8.265685662204696e-08,1.5952773328055065e-05,True,1.0
aew__k4_sigma_corr0_5_sigma_dist1,synthetic_broad,0.4,trss,0.2361349835693998,16,0.0,0.2361349835693998,0.2361349835693998,heat_diffusion_temporal,0.2366192719442399,16,0.0,0.0004842883748401028,2.922532908233176e-08,6.195769765454333e-06,True,1.0
knn__k3,bci_competition_iv_2a_proxy,0.4,tv,5.239939002440042e-07,14,6.247282536391935e-08,4.954810536652621e-07,5.580180254702482e-07,directed_tv,5.371672482702643e-07,14,7.46495907383011e-08,1.317334802626006e-08,0.7303893910726622,1.0,False,0.08163265306122447
gaussian__sigma1.0,iv100hz_mat,0.1,tv,12.428301691034042,20,0.7358131802494242,12.13305311063196,12.737919915139965,trss,14.233287807422922,20,0.4496589083325622,1.8049861163888803,8.725879459678534e-08,1.6666429767986e-05,True,0.99
gaussian__sigma1.0,iv100hz_mat,0.2,tv,26.357635048970543,27,1.9796754697586125,25.66819815168241,27.14422820506962,trss,29.82432648434558,27,0.5842671695075646,3.4666914353750364,1.4364218046970002e-08,3.1457637522864304e-06,True,0.8984910836762688
gaussian__sigma1.0,iv100hz_mat,0.3,tv,48.52686047875172,25,2.1692337714685763,47.72132862615875,49.29726946755714,trss,55.702284270264926,25,0.7353775248292564,7.175423791513204,1.304733565122163e-09,3.614111975388391e-07,True,1.0
gaussian__sigma1.0,iv100hz_mat,0.4,tv,61.66867708902964,2,1.1889481202551053,60.82796381071826,62.50939036734103,trss,74.06976739298713,2,1.0036339582995017,12.401090303957488,,,False,
knn__k5,iv100hz_mat,0.2,tv,32.659586256248815,5,3.3851987072870457,30.402759884693864,35.47807201137004,trss,33.24062315474561,5,0.619219861608963,0.581036898496798,0.30952380952380953,1.0,False,0.43999999999999995
aew,mne_sample,0.2,tv,4.759809884757866e-06,60,1.1150467919590392e-06,4.481507744783822e-06,5.044660318085996e-06,gsmooth,4.860152701468419e-06,60,1.130365151751591e-06,1.0034281671055308e-07,0.4295744080419519,1.0,False,0.0838888888888889
aew,mne_sample,0.3,tv,6.396025221433882e-06,60,1.488554797751234e-06,6.028667193875777e-06,6.772589115743533e-06,gsmooth,6.491488016915209e-06,60,1.481029086870942e-06,9.546279548132733e-08,0.2602362026171888,1.0,False,0.11944444444444446
aew,mne_sample,0.4,tv,8.718770365549106e-06,60,1.3463427268662486e-06,8.35113547274297e-06,9.049754389172991e-06,gsmooth,8.810308460867153e-06,60,1.375974718536069e-06,9.153809531804701e-08,0.3966300408180995,1.0,False,0.08999999999999997
gaussian,mne_sample,0.1,tv,2.83276851070635e-06,45,1.0168305901319344e-06,2.5286935022657066e-06,3.1344370443713e-06,gsmooth,2.8329144059708277e-06,45,1.0168287429178587e-06,1.4589526447793445e-10,0.7468557883778122,1.0,False,0.040000000000000036
gaussian,mne_sample,0.2,tv,4.7442080245437745e-06,45,1.111799769117561e-06,4.431304681289774e-06,5.072828768554657e-06,gsmooth,4.744618341448674e-06,45,1.111899207766321e-06,4.103169048994554e-10,0.32884956203047344,1.0,False,0.12
gaussian,mne_sample,0.3,tv,6.3841972111284195e-06,45,1.4921622547997956e-06,5.942381190225088e-06,6.828963424021551e-06,gsmooth,6.384567524796148e-06,45,1.4921721772213374e-06,3.7031366772816225e-10,0.32884956203047344,1.0,False,0.12
gaussian,mne_sample,0.4,tv,8.714721785153639e-06,45,1.3473361827399355e-06,8.29674874920786e-06,9.072693182987561e-06,gsmooth,8.715004791145669e-06,45,1.3473966466427338e-06,2.830059920304773e-10,0.10308469830911593,1.0,False,0.19999999999999996
knn,mne_sample,0.2,tv,4.756283691224519e-06,30,1.1221240814094462e-06,4.380851635455437e-06,5.150538773974776e-06,gsmooth,4.890784955899186e-06,30,1.1690125163139462e-06,1.3450126467466733e-07,0.43764133504824576,1.0,False,0.11777777777777776
knn,mne_sample,0.3,tv,6.39351810651661e-06,30,1.5009696506720092e-06,5.886798619532459e-06,6.941634992877285e-06,gsmooth,6.500980227634696e-06,30,1.4865013833344824e-06,1.0746212111808608e-07,0.5395103167994048,1.0,False,0.09333333333333338
knn,mne_sample,0.4,tv,8.719804431631778e-06,30,1.3582669242255925e-06,8.238336409737826e-06,9.191069922073901e-06,gsmooth,8.814801882532739e-06,30,1.4003019633006012e-06,9.499745090096079e-08,0.501143667603293,1.0,False,0.10222222222222221
knng,mne_sample,0.2,tv,4.756293660637937e-06,60,1.1125772509270841e-06,4.478826399404236e-06,5.040807189322655e-06,gsmooth,4.890798166353446e-06,60,1.1590702365392958e-06,1.3450450571550893e-07,0.2669614918310843,1.0,False,0.11777777777777776
knng,mne_sample,0.3,tv,6.393526348905239e-06,60,1.4881953700880865e-06,6.025218950107969e-06,6.770872673447099e-06,gsmooth,6.500974978336852e-06,60,1.4738389366262061e-06,1.074486294316134e-07,0.3793215764698139,1.0,False,0.09333333333333338
knng,mne_sample,0.4,tv,8.719809031096694e-06,60,1.3467097667961318e-06,8.3530109175893e-06,9.050656981920343e-06,gsmooth,8.814831055050071e-06,60,1.3883507852943836e-06,9.502202395337697e-08,0.33548468587749847,1.0,False,0.10222222222222221
nnk,mne_sample,0.1,tv,2.8457936756096693e-06,30,1.0296246000516423e-06,2.4900813815158344e-06,3.2072295893349546e-06,gsmooth,2.896925107050804e-06,30,1.0634992996617203e-06,5.113143144113477e-08,1.0,1.0,False,0.0
nnk,mne_sample,0.2,tv,4.799931387727791e-06,30,1.1378471098422083e-06,4.412307052751597e-06,5.200016639221377e-06,gsmooth,4.9989110663406705e-06,30,1.2219150379841419e-06,1.9897967861287947e-07,0.18576685629821565,1.0,False,0.19999999999999996
nnk,mne_sample,0.3,tv,6.42974916533279e-06,30,1.5029642280852914e-06,5.926004849421818e-06,6.975285739037211e-06,gsmooth,6.556366909613063e-06,30,1.4516895063550477e-06,1.266177442802728e-07,0.5493267842679926,1.0,False,0.09111111111111114
nnk,mne_sample,0.4,tv,8.744958531363812e-06,30,1.3626651668171758e-06,8.263184117386226e-06,9.216771679811418e-06,gsmooth,8.808438427839304e-06,30,1.2961578115667416e-06,6.34798964754915e-08,0.795845542466455,1.0,False,0.040000000000000036
vknng,mne_sample,0.1,tv,2.8363236466025024e-06,60,1.0149661854857322e-06,2.5798430087570895e-06,3.0822801260977762e-06,idw,2.9170075074737748e-06,60,1.081724965965247e-06,8.068386087127231e-08,0.9018074905093791,1.0,False,0.013333333333333308
vknng,mne_sample,0.2,tv,4.757879344220675e-06,60,1.1122895889930803e-06,4.48037813345781e-06,5.041925308358395e-06,gsmooth,4.953915912525521e-06,60,1.1654960491645292e-06,1.9603656830484546e-07,0.23242078711970204,1.0,False,0.1266666666666667
vknng,mne_sample,0.3,tv,6.3951115227172955e-06,60,1.4877117688246457e-06,6.027364202969078e-06,6.77190480994346e-06,gsmooth,6.5410717884982905e-06,60,1.4643152577927793e-06,1.45960265780995e-07,0.5304922186173662,1.0,False,0.06666666666666665
vknng,mne_sample,0.4,tv,8.719911173869053e-06,60,1.3471081894215661e-06,8.35303811299115e-06,9.050843596702025e-06,gsmooth,8.858584526028556e-06,60,1.4055082173611539e-06,1.3867335215950302e-07,0.12215175414189328,1.0,False,0.16388888888888886
gaussian__sigma1,mne_sample_proxy,0.2,tv,1.4943580615213736e-07,1,,,,heat_diffusion_temporal,1.5139328725254146e-07,1,,1.9574811004041026e-09,,,False,
gaussian__sigma1.0,movielens_graph_signal,0.2,tv,0.03564595536236882,17,0.002587364279607157,0.03448556932026889,0.036925975909572605,mean,0.03564655555564624,17,0.0025863335890067003,6.001932774182817e-07,0.8088138772223515,1.0,False,0.05190311418685123
gaussian__sigma1.0,movielens_graph_signal,0.3,tv,0.06359112237454356,15,0.001953249945234076,0.06265630217989614,0.06449665220555109,mean,0.06359157408235012,15,0.0019513384955386222,4.5170780656189624e-07,0.6469566381868419,1.0,False,0.10222222222222221
gaussian__sigma1.0,movielens_graph_signal,0.4,tv,0.08199956207622235,2,0.002009132133131743,0.0805788911205851,0.0834202330318596,mean,0.08200297885019794,2,0.002008425394797313,3.416773975598031e-06,,,False,
knn__k3,movielens_graph_signal,0.3,tv,0.06352919817372846,21,0.002086050678744576,0.06263221367787726,0.06439600183226515,mean,0.0635550912653418,21,0.001955275178267425,2.589309161334097e-05,0.8795909068460186,1.0,False,0.02947845804988658
knn__k3,movielens_graph_signal,0.4,tv,0.08185350339506126,2,0.0020844617930514545,0.0803795663260703,0.0833274404640522,mean,0.08200297885019794,2,0.002008425394797313,0.00014947545513668836,,,False,
knn__k5,movielens_graph_signal,0.2,tv,0.03602984643653936,5,0.0031911017549759533,0.03378427423278678,0.038501222968146856,mean,0.03604004388180217,5,0.0031611024949180296,1.0197445262809246e-05,1.0,1.0,False,0.040000000000000036
knn__k5,movielens_graph_signal,0.3,tv,0.06327348796594426,5,0.0023940013026850946,0.061478997351901654,0.06498795818033347,mean,0.06328091265108982,5,0.0023494509118112223,7.424685145557275e-06,0.8412698412698413,1.0,False,0.12
gaussian,physionet_eegmmidb,0.2,tv,2.5573793505554166e-05,7,1.9814446933696067e-06,2.428144470371812e-05,2.6773582035192814e-05,trss,2.5574661647316935e-05,7,2.2550589130789165e-06,8.681417627690643e-10,1.0,1.0,False,0.020408163265306145
knn__k3,physionet_eegmmidb,0.4,tv,1.374028609156892e-05,95,3.1474145269821102e-06,1.3182469646755911e-05,1.44187877807192e-05,idw,1.3796887584535986e-05,89,1.2001722796545105e-06,5.6601492967066333e-08,0.001796909537101486,0.26414570195391845,False,0.2667060910703726
knn__k5,physionet_eegmmidb,0.4,tv,1.2739077813733189e-05,7,1.8298002980544344e-21,1.2739077813733189e-05,1.2739077813733189e-05,mean,1.2742657342657348e-05,7,3.659600596108869e-21,3.5795289241592325e-09,0.0004124783363855208,0.06723396883083989,False,1.0
knng__k4_sigma1,physionet_eegmmidb,0.4,tv,1.2730055936218328e-05,7,0.0,1.2730055936218328e-05,1.2730055936218328e-05,mean,1.2742657342657348e-05,7,3.659600596108869e-21,1.260140643902047e-08,0.0004124783363855208,0.06682149049445438,False,1.0
nnk__k4,physionet_eegmmidb,0.4,tv,1.2732764719084747e-05,9,0.0,1.2732764719084747e-05,1.2732764719084747e-05,mean,1.2742657342657345e-05,9,0.0,9.892623572597373e-09,4.657054587626058e-05,0.008010133890716819,True,1.0
vknng__alpha1_k4_k_max8_k_min2,physionet_eegmmidb,0.4,tv,1.2736743134890531e-05,7,1.8298002980544344e-21,1.2736743134890531e-05,1.2736743134890531e-05,mean,1.2742657342657348e-05,7,3.659600596108869e-21,5.914207766817014e-09,0.0004124783363855208,0.0655840554852978,False,1.0
gaussian,synthetic_16ch,0.1,tv,0.4781823124093958,26,0.025146289284340786,0.4694323973208204,0.48835878922001663,trss,0.4805375701550778,26,0.05465331677176398,0.0023552577456820156,0.20997595989836026,1.0,False,-0.20414201183431957
gaussian,synthetic_16ch,0.2,tv,0.4992863947267722,33,0.022202754581776743,0.4920749977458563,0.5071635297583343,graph_time_tikhonov,0.49989877419579476,33,0.018803710027883253,0.0006123794690225393,0.777837507624792,1.0,False,0.04132231404958675
kalofolias,synthetic_16ch,0.2,tv,0.5099297878094857,16,0.022807914526267924,0.49950421762013747,0.5208892297464132,trss,0.5110247459669012,16,0.026185248136112522,0.0010949581574154488,1.0,1.0,False,0.0
gaussian__sigma1,synthetic_alpha,0.2,tv,0.12012257228212118,18,1.4280125843688834e-17,0.12012257228212118,0.12012257228212118,mean,0.12084672943956759,18,1.4280125843688834e-17,0.0007241571574464062,3.683348423440707e-09,9.650372869414653e-07,True,1.0
knn__k3,synthetic_alpha,0.4,tv,0.24730013978523918,19,0.058506007849070646,0.22045574233217632,0.26072233851177057,mean,0.24774799307765782,19,0.05798606888998504,0.0004478532924186429,9.924347642443638e-08,1.885626052064291e-05,True,0.9002770083102493
knng__k4_sigma1,synthetic_alpha,0.4,tv,0.2609895038378375,16,0.0,0.2609895038378375,0.2609895038378375,mean,0.2610509096263227,16,0.0,6.140578848523592e-05,2.922532908233176e-08,6.166544436372001e-06,True,1.0
nnk__k4,synthetic_alpha,0.4,tv,0.2603035939550637,17,0.0,0.2603035939550637,0.2603035939550637,mean,0.2610509096263227,17,0.0,0.000747315671259019,1.0362566826242779e-08,2.3315775359046254e-06,True,1.0
aew__k4_sigma_corr0_5_sigma_dist1,synthetic_beta,0.1,tv,0.0645346647704065,15,0.0,0.0645346647704065,0.0645346647704065,trss,0.06575069910124688,15,1.436487510905098e-17,0.0012160343308403876,8.265685662204696e-08,1.6200743897921203e-05,True,1.0
aew__k4_sigma_corr0_5_sigma_dist1,synthetic_beta,0.2,tv,0.11561362582567275,15,5.745950043620392e-17,0.11561362582567275,0.11561362582567275,trss,0.11958271489855178,15,1.436487510905098e-17,0.003969089072879031,8.265685662204696e-08,1.6118087041299157e-05,True,1.0
kalofolias,synthetic_beta,0.1,tv,0.06586188936890841,18,1.4280125843688834e-17,0.06586188936890841,0.06586188936890841,mean,0.0658619827367564,18,0.0,9.336784799474085e-08,3.683348423440707e-09,9.466205448242617e-07,True,1.0
knn__k5,synthetic_beta,0.3,tv,0.2035737521455068,18,0.0,0.2035737521455068,0.2035737521455068,mean,0.2038587458276235,18,0.0,0.0002849936821167076,3.683348423440707e-09,9.208371058601767e-07,True,1.0
vknng__alpha1_k4_k_max8_k_min2,synthetic_beta,0.1,tv,0.0655383098928321,16,0.0,0.0655383098928321,0.0655383098928321,heat_diffusion_temporal,0.0657185512163132,16,0.0,0.00018024132348110067,2.922532908233176e-08,5.991192461878011e-06,True,1.0
vknng__alpha1_k4_k_max8_k_min2,synthetic_beta,0.3,tv,0.2006778688962489,16,0.0,0.2006778688962489,0.2006778688962489,heat_diffusion_temporal,0.2017447286807017,16,0.0,0.0010668597844528116,2.922532908233176e-08,5.932741803713347e-06,True,1.0
aew__k4_sigma_corr0_5_sigma_dist1,synthetic_alpha,0.3,wavelet_temporal,0.2005137115322973,16,0.0,0.2005137115322973,0.2005137115322973,heat_diffusion_temporal,0.2009181457305617,16,0.0,0.0004044341982643862,2.922532908233176e-08,6.254220423618997e-06,True,1.0
nnk__k4,synthetic_alpha,0.3,wavelet_temporal,0.2038363722147141,18,0.0,0.2038363722147141,0.2038363722147141,heat_diffusion_temporal,0.2043956424626398,18,0.0,0.0005592702479257083,3.683348423440707e-09,8.913703184726511e-07,True,1.0
