graph,method,mean_mae,std_mae,median_mae,count,mean_rmse,mean_snr,datasets_count,rank_metric,temporal,baseline,experiment
aew__k4_sigma_corr0_5_sigma_dist1,bgsrp,0.4994354547628608,0.05195361575809351,0.49282665014042104,12,0.6601398608121792,2.4322757115378217,3,0.5254122626419075,False,False,it05_no_physionet
aew__k4_sigma_corr0_5_sigma_dist1,directed_tv,0.18837638651882893,0.06152301088399182,0.20244155395632468,12,0.4562507161108354,-1.9055248626154968,3,0.21913789196082484,True,False,it05_no_physionet
aew__k4_sigma_corr0_5_sigma_dist1,graph_time_tikhonov,0.24981850946704995,0.06555888819734784,0.24550545050810446,12,0.4048444860942199,11.602390403060253,3,0.28259795356572387,True,False,it05_no_physionet
aew__k4_sigma_corr0_5_sigma_dist1,gsmooth,0.1657283248449554,0.07672703614627188,0.16103621068756518,12,0.364224064911925,-0.11108704618275278,3,0.20409184291809135,False,False,it05_no_physionet
aew__k4_sigma_corr0_5_sigma_dist1,gsp,0.17595788594020345,0.08031509183461427,0.17521321188733996,12,0.3981585987985623,-0.7509600779976152,3,0.2161154318575106,False,False,it05_no_physionet
aew__k4_sigma_corr0_5_sigma_dist1,heat_diffusion_temporal,0.16413715432003986,0.07412302115826672,0.16586303078990416,12,0.3511778796638427,0.02911472342569411,3,0.2011986648991732,True,False,it05_no_physionet
aew__k4_sigma_corr0_5_sigma_dist1,idw,0.16952263566320666,0.07913468644848491,0.16985609921377734,12,0.3714690363700119,-0.3489149133012366,3,0.20908997888744912,False,False,it05_no_physionet
aew__k4_sigma_corr0_5_sigma_dist1,linear,0.1961211837997016,0.09104456012482755,0.20540595649560128,12,0.4496401479366146,-1.9577692391721853,3,0.24164346386211535,False,True,it05_no_physionet
aew__k4_sigma_corr0_5_sigma_dist1,mean,0.1658937610924521,0.07710858236491445,0.16815429161672224,12,0.3610497534940873,-0.10519829634194815,3,0.20444805227490934,False,True,it05_no_physionet
aew__k4_sigma_corr0_5_sigma_dist1,nearest,0.21328102707136967,0.09971481507311342,0.21655966581197464,12,0.4964377001253562,-2.804704732978083,3,0.2631384346079264,False,True,it05_no_physionet
aew__k4_sigma_corr0_5_sigma_dist1,puy,0.20419059829518274,0.0868968430095013,0.20551469125615804,12,0.44506200876091967,22.818728329279836,3,0.24763901979993339,False,False,it05_no_physionet
aew__k4_sigma_corr0_5_sigma_dist1,rbfi_mq,0.2285962323387404,0.10844141460330263,0.224958990393582,12,0.5308455317335598,-3.3187437856135684,3,0.28281693964039173,False,False,it05_no_physionet
aew__k4_sigma_corr0_5_sigma_dist1,rbfi_tps,0.21657463993274204,0.10371455866867085,0.21815812588456657,12,0.49966663050883003,-2.8094434565345736,3,0.26843191926707743,False,False,it05_no_physionet
aew__k4_sigma_corr0_5_sigma_dist1,sobolev,0.4064076012000403,0.036608638014951546,0.40929488012609366,12,0.4793307561183984,4.295835076310556,3,0.4247119202075161,False,False,it05_no_physionet
aew__k4_sigma_corr0_5_sigma_dist1,spherical_spline,0.23973566860272874,0.13176593226192157,0.22820461628551847,12,0.5537134457575429,-3.2773326109953196,3,0.30561863473368955,False,False,it05_no_physionet
aew__k4_sigma_corr0_5_sigma_dist1,spline_surface,0.2888196434791303,0.11469392229818245,0.29238820608175986,12,0.7786261969633554,-5.42924686456261,3,0.3461666046282215,False,False,it05_no_physionet
aew__k4_sigma_corr0_5_sigma_dist1,spline_temporal,,0.0,,0,,,3,,True,False,it05_no_physionet
aew__k4_sigma_corr0_5_sigma_dist1,temporal_laplacian,0.3558953582153859,0.04706344062230522,0.356057565637038,12,0.4584533479486279,5.837695555394617,3,0.37942707852653856,True,False,it05_no_physionet
aew__k4_sigma_corr0_5_sigma_dist1,tikhonov,0.18645127250865068,0.07819754272323452,0.18609464767143968,12,0.3974999332740252,24.020036298220266,3,0.22555004387026795,False,False,it05_no_physionet
aew__k4_sigma_corr0_5_sigma_dist1,trss,0.16454692145380098,0.0733924333696779,0.16382716945291048,12,0.36036661968133216,0.003524189708059704,3,0.20124313813863992,True,False,it05_no_physionet
aew__k4_sigma_corr0_5_sigma_dist1,tv,0.168153759611859,0.07679331833735221,0.16825210250597417,12,0.3745925660866914,-0.27612810667965626,3,0.2065504187805351,True,False,it05_no_physionet
aew__k4_sigma_corr0_5_sigma_dist1,wavelet_temporal,0.17000399043075376,0.07332293137776977,0.1702364355540951,12,0.35338085386020196,24.819710088669037,3,0.20666545611963866,True,False,it05_no_physionet
gaussian__sigma1,bgsrp,0.5042958616538641,0.027562646372631273,0.5014447111523966,12,0.6001564567458001,1.9493740125648575,3,0.5180771848401797,False,False,it05_no_physionet
gaussian__sigma1,directed_tv,0.16596820396245127,0.0742263485636665,0.16892279031025015,12,0.3562817143006989,-0.1099583845229954,3,0.20308137824428452,True,False,it05_no_physionet
gaussian__sigma1,graph_time_tikhonov,0.4778160910562568,0.02674856751342815,0.4819970706125897,12,0.5538764891597572,2.5479226021141734,3,0.49119037481297084,True,False,it05_no_physionet
gaussian__sigma1,gsmooth,0.16629111001417188,0.0769203582820419,0.16818482483880254,12,0.36217239807439855,-0.14279260001132227,3,0.20475128915519283,False,False,it05_no_physionet
gaussian__sigma1,gsp,0.16734077341188439,0.07746519873059905,0.16901838747654316,12,0.3654574046125496,-0.22266625508002702,3,0.2060733727771839,False,False,it05_no_physionet
gaussian__sigma1,heat_diffusion_temporal,0.1652381178059691,0.07588311848312945,0.16609059346263771,12,0.3553389426172536,-0.03138216803925879,3,0.2031796770475338,True,False,it05_no_physionet
gaussian__sigma1,idw,0.16952263566320666,0.07913468644848491,0.16985609921377734,12,0.3714690363700119,-0.3489149133012366,3,0.20908997888744912,False,False,it05_no_physionet
gaussian__sigma1,linear,0.1961211837997016,0.09104456012482755,0.20540595649560128,12,0.4496401479366146,-1.9577692391721853,3,0.24164346386211535,False,True,it05_no_physionet
gaussian__sigma1,mean,0.1658937610924521,0.07710858236491445,0.16815429161672224,12,0.3610497534940873,-0.10519829634194815,3,0.20444805227490934,False,True,it05_no_physionet
gaussian__sigma1,nearest,0.21328102707136967,0.09971481507311342,0.21655966581197464,12,0.4964377001253562,-2.804704732978083,3,0.2631384346079264,False,True,it05_no_physionet
gaussian__sigma1,puy,0.5372865422099384,0.019786013699806836,0.5356762449078661,12,0.6164025227075981,1.4090397037853821,3,0.5471795490598419,False,False,it05_no_physionet
gaussian__sigma1,rbfi_mq,0.2285962323387404,0.10844141460330263,0.224958990393582,12,0.5308455317335598,-3.3187437856135684,3,0.28281693964039173,False,False,it05_no_physionet
gaussian__sigma1,rbfi_tps,0.21657463993274204,0.10371455866867085,0.21815812588456657,12,0.49966663050883003,-2.8094434565345736,3,0.26843191926707743,False,False,it05_no_physionet
gaussian__sigma1,sobolev,0.6046795039420771,0.00983557124533605,0.6023272065408531,12,0.67975327686236,0.4142224856880121,3,0.6095972895647451,False,False,it05_no_physionet
gaussian__sigma1,spherical_spline,0.23973566860272874,0.13176593226192157,0.22820461628551847,12,0.5537134457575429,-3.2773326109953196,3,0.30561863473368955,False,False,it05_no_physionet
gaussian__sigma1,spline_surface,0.2888196434791303,0.11469392229818245,0.29238820608175986,12,0.7786261969633554,-5.42924686456261,3,0.3461666046282215,False,False,it05_no_physionet
gaussian__sigma1,spline_temporal,,0.0,,0,,,3,,True,False,it05_no_physionet
gaussian__sigma1,temporal_laplacian,0.5043455853521159,0.02322441593775425,0.5039771365733443,12,0.5722005306543693,2.127583516788533,3,0.515957793320993,True,False,it05_no_physionet
gaussian__sigma1,tikhonov,0.285838012772259,0.057443274774226116,0.2864992445536362,12,0.3995878240495534,8.715967183190742,3,0.31455965015937204,False,False,it05_no_physionet
gaussian__sigma1,trss,0.16729651133055065,0.07740908409487285,0.16894430739600355,12,0.3652290732184389,-0.21887166566001762,3,0.20600105337798708,True,False,it05_no_physionet
gaussian__sigma1,tv,0.16604235941005796,0.07754771677883142,0.16818227850357004,12,0.3614915442699084,-0.10781003360521246,3,0.20481621779947368,True,False,it05_no_physionet
gaussian__sigma1,wavelet_temporal,0.18996900314312057,0.07080933683965997,0.188827467212802,12,0.3679765970107703,12.683953495767744,3,0.22537367156295054,True,False,it05_no_physionet
kalofolias,bgsrp,0.6077580874608951,0.013151518133727004,0.6056994880407871,12,0.6927673842919893,0.29775529182489696,3,0.6143338465277586,False,False,it05_no_physionet
kalofolias,directed_tv,0.16470390640273241,0.0746121166385751,0.1659723543195345,12,0.3520398842603185,0.010026621025100659,3,0.20200996472201996,True,False,it05_no_physionet
kalofolias,graph_time_tikhonov,0.6085700203911925,0.013211347674802483,0.6075154597801535,12,0.6924273038837224,0.29513301581001944,3,0.6151756942285938,True,False,it05_no_physionet
kalofolias,gsmooth,0.17410525302558702,0.07962117887945014,0.17431504348136376,12,0.3792694706884223,-0.586270494668123,3,0.2139158424653121,False,False,it05_no_physionet
kalofolias,gsp,0.20671385125761665,0.10124664824645588,0.2156859516397669,12,0.4629672926918295,-2.1842708080062123,3,0.2573371753808446,False,False,it05_no_physionet
kalofolias,heat_diffusion_temporal,1.4967899016581772,0.6738085270489421,1.518889989074689,12,2.8877443505029237,-18.256811667508565,3,1.8336941651826482,True,False,it05_no_physionet
kalofolias,idw,0.16952263566320666,0.07913468644848491,0.16985609921377734,12,0.3714690363700119,-0.3489149133012366,3,0.20908997888744912,False,False,it05_no_physionet
kalofolias,linear,0.1961211837997016,0.09104456012482755,0.20540595649560128,12,0.4496401479366146,-1.9577692391721853,3,0.24164346386211535,False,True,it05_no_physionet
kalofolias,mean,0.1658937610924521,0.07710858236491445,0.16815429161672224,12,0.3610497534940873,-0.10519829634194815,3,0.20444805227490934,False,True,it05_no_physionet
kalofolias,nearest,0.21328102707136967,0.09971481507311342,0.21655966581197464,12,0.4964377001253562,-2.804704732978083,3,0.2631384346079264,False,True,it05_no_physionet
kalofolias,puy,0.6103015416053549,0.012058963901121052,0.6074903278495193,12,0.6955258971162829,0.25753280263506545,3,0.6163310235559154,False,False,it05_no_physionet
kalofolias,rbfi_mq,0.2285962323387404,0.10844141460330263,0.224958990393582,12,0.5308455317335598,-3.3187437856135684,3,0.28281693964039173,False,False,it05_no_physionet
kalofolias,rbfi_tps,0.21657463993274204,0.10371455866867085,0.21815812588456657,12,0.49966663050883003,-2.8094434565345736,3,0.26843191926707743,False,False,it05_no_physionet
kalofolias,sobolev,0.6178716594356791,0.009372672244588664,0.6159527631056634,12,0.6945497599260463,0.22263016178096914,3,0.6225579955579734,False,False,it05_no_physionet
kalofolias,spherical_spline,0.23973566860272874,0.13176593226192157,0.22820461628551847,12,0.5537134457575429,-3.2773326109953196,3,0.30561863473368955,False,False,it05_no_physionet
kalofolias,spline_surface,0.2888196434791303,0.11469392229818245,0.29238820608175986,12,0.7786261969633554,-5.42924686456261,3,0.3461666046282215,False,False,it05_no_physionet
kalofolias,spline_temporal,,0.0,,0,,,3,,True,False,it05_no_physionet
kalofolias,temporal_laplacian,0.622574789175559,0.00561791890997042,0.6224735746207155,12,0.6984795103517745,0.18953212296581956,3,0.6253837486305441,True,False,it05_no_physionet
kalofolias,tikhonov,0.5972847772248996,0.019510339226264765,0.6022445449750622,12,0.6811274067758397,0.45535530039997923,3,0.607039946838032,False,False,it05_no_physionet
kalofolias,trss,0.19451964769100624,0.08910914355022934,0.20110111401031994,12,0.4340051595029733,-1.7202388630885013,3,0.2390742194661209,True,False,it05_no_physionet
kalofolias,tv,0.16592214909686492,0.07712313005118915,0.16815692588807296,12,0.3610976641645988,-0.10663170036651128,3,0.2044837141224595,True,False,it05_no_physionet
kalofolias,wavelet_temporal,0.19511299539100566,0.07023317469287121,0.1931671641236121,12,0.37467505725017736,11.512535663868533,3,0.23022958273744126,True,False,it05_no_physionet
knn__k3,bgsrp,0.4879635843393242,0.03294845855852628,0.4920991590442166,12,0.6186520914811152,2.3625323009594665,3,0.5044378136185873,False,False,it05_no_physionet
knn__k3,directed_tv,0.1770904730025652,0.07366912154586955,0.1911063261221561,12,0.39492231354656915,-0.9170084790059375,3,0.21392503377549998,True,False,it05_no_physionet
knn__k3,graph_time_tikhonov,0.39077782526307864,0.04003243890988102,0.39290963841036797,12,0.4885962338026943,4.690306329440088,3,0.41079404471801917,True,False,it05_no_physionet
knn__k3,gsmooth,0.16864529052051777,0.07812287218202618,0.1697530769280462,12,0.3681583516523405,-0.29749228545240075,3,0.20770672661153086,False,False,it05_no_physionet
knn__k3,gsp,0.1839793449107153,0.08463642303800029,0.1856692719279175,12,0.41364202265287814,-1.281707269487118,3,0.22629755642971544,False,False,it05_no_physionet
knn__k3,heat_diffusion_temporal,0.16725861238639492,0.07589339851585725,0.16784656414928875,12,0.3588910252508428,-0.15581065742188147,3,0.20520531164432354,True,False,it05_no_physionet
knn__k3,idw,0.16952263566320666,0.07913468644848491,0.16985609921377734,12,0.3714690363700119,-0.3489149133012366,3,0.20908997888744912,False,False,it05_no_physionet
knn__k3,linear,0.1961211837997016,0.09104456012482755,0.20540595649560128,12,0.4496401479366146,-1.9577692391721853,3,0.24164346386211535,False,True,it05_no_physionet
knn__k3,mean,0.1658937610924521,0.07710858236491445,0.16815429161672224,12,0.3610497534940873,-0.10519829634194815,3,0.20444805227490934,False,True,it05_no_physionet
knn__k3,nearest,0.21328102707136967,0.09971481507311342,0.21655966581197464,12,0.4964377001253562,-2.804704732978083,3,0.2631384346079264,False,True,it05_no_physionet
knn__k3,puy,0.39845135185570496,0.042290730869111955,0.4039865035689077,12,0.5213999456517849,4.522956724695099,3,0.41959671729026093,False,False,it05_no_physionet
knn__k3,rbfi_mq,0.2285962323387404,0.10844141460330263,0.224958990393582,12,0.5308455317335598,-3.3187437856135684,3,0.28281693964039173,False,False,it05_no_physionet
knn__k3,rbfi_tps,0.21657463993274204,0.10371455866867085,0.21815812588456657,12,0.49966663050883003,-2.8094434565345736,3,0.26843191926707743,False,False,it05_no_physionet
knn__k3,sobolev,0.5530297514396939,0.01410661836900335,0.5541803746880538,12,0.6261227163840061,1.1996885021806787,3,0.5600830606241956,False,False,it05_no_physionet
knn__k3,spherical_spline,0.23973566860272874,0.13176593226192157,0.22820461628551847,12,0.5537134457575429,-3.2773326109953196,3,0.30561863473368955,False,False,it05_no_physionet
knn__k3,spline_surface,0.2888196434791303,0.11469392229818245,0.29238820608175986,12,0.7786261969633554,-5.42924686456261,3,0.3461666046282215,False,False,it05_no_physionet
knn__k3,spline_temporal,,0.0,,0,,,3,,True,False,it05_no_physionet
knn__k3,temporal_laplacian,0.43745678676847377,0.03277987518525753,0.44201674323337226,12,0.5120600888703164,3.5556344802943,3,0.4538467243611025,True,False,it05_no_physionet
knn__k3,tikhonov,0.2425414804812381,0.07110864513587023,0.24539913913085856,12,0.41602634690863055,12.645200378892037,3,0.27809580304917325,False,False,it05_no_physionet
knn__k3,trss,0.180027290616913,0.08206827737471142,0.1829957008861211,12,0.40206508024926874,-1.0596443390347325,3,0.2210614293042687,True,False,it05_no_physionet
knn__k3,tv,0.16803847787998374,0.07693118783839337,0.17042116109499833,12,0.3673829229443211,-0.27519182534180037,3,0.20650407179918043,True,False,it05_no_physionet
knn__k3,wavelet_temporal,0.1842390776639484,0.0710670723207272,0.18343077014313164,12,0.3610976522616516,15.083034431439534,3,0.219772613824312,True,False,it05_no_physionet
knn__k5,bgsrp,0.49489142531083935,0.033460008404981804,0.49127681921472866,12,0.6073656195497078,2.147684350019325,3,0.5116214295133302,False,False,it05_no_physionet
knn__k5,directed_tv,0.16913210630755315,0.07305477866859716,0.17709074676052788,12,0.36714671547865024,-0.3719247773037356,3,0.20565949564185174,True,False,it05_no_physionet
knn__k5,graph_time_tikhonov,0.4400052633793741,0.03003275931035699,0.4397699476658439,12,0.522472395352099,3.3647940373929277,3,0.4550216430345526,True,False,it05_no_physionet
knn__k5,gsmooth,0.16771861001414642,0.07672757610542727,0.16970143451033254,12,0.36651115558839886,-0.2666707241158068,3,0.20608239806686007,False,False,it05_no_physionet
knn__k5,gsp,0.17534580958333623,0.08049266413956481,0.17745183621229438,12,0.3897780011948595,-0.7768467058431471,3,0.21559214165311863,False,False,it05_no_physionet
knn__k5,heat_diffusion_temporal,0.1668582644119724,0.07562244321515216,0.16815031688159654,12,0.35941621546594144,-0.15249637149761333,3,0.20466948601954849,True,False,it05_no_physionet
knn__k5,idw,0.16952263566320666,0.07913468644848491,0.16985609921377734,12,0.3714690363700119,-0.3489149133012366,3,0.20908997888744912,False,False,it05_no_physionet
knn__k5,linear,0.1961211837997016,0.09104456012482755,0.20540595649560128,12,0.4496401479366146,-1.9577692391721853,3,0.24164346386211535,False,True,it05_no_physionet
knn__k5,mean,0.1658937610924521,0.07710858236491445,0.16815429161672224,12,0.3610497534940873,-0.10519829634194815,3,0.20444805227490934,False,True,it05_no_physionet
knn__k5,nearest,0.21328102707136967,0.09971481507311342,0.21655966581197464,12,0.4964377001253562,-2.804704732978083,3,0.2631384346079264,False,True,it05_no_physionet
knn__k5,puy,0.4764457605044854,0.02245403342681686,0.481391267974226,12,0.5680062215219179,2.4994856305381963,3,0.4876727772178938,False,False,it05_no_physionet
knn__k5,rbfi_mq,0.2285962323387404,0.10844141460330263,0.224958990393582,12,0.5308455317335598,-3.3187437856135684,3,0.28281693964039173,False,False,it05_no_physionet
knn__k5,rbfi_tps,0.21657463993274204,0.10371455866867085,0.21815812588456657,12,0.49966663050883003,-2.8094434565345736,3,0.26843191926707743,False,False,it05_no_physionet
knn__k5,sobolev,0.5864404202360162,0.008602361560080414,0.5855713615170566,12,0.6601787296149656,0.6818441487672056,3,0.5907416010160563,False,False,it05_no_physionet
knn__k5,spherical_spline,0.23973566860272874,0.13176593226192157,0.22820461628551847,12,0.5537134457575429,-3.2773326109953196,3,0.30561863473368955,False,False,it05_no_physionet
knn__k5,spline_surface,0.2888196434791303,0.11469392229818245,0.29238820608175986,12,0.7786261969633554,-5.42924686456261,3,0.3461666046282215,False,False,it05_no_physionet
knn__k5,spline_temporal,,0.0,,0,,,3,,True,False,it05_no_physionet
knn__k5,temporal_laplacian,0.4763990132641966,0.02600326169921795,0.4795813132384429,12,0.5466535870139374,2.6794282069237307,3,0.48940064411380557,True,False,it05_no_physionet
knn__k5,tikhonov,0.2651119122654979,0.06204426964281466,0.26620965414755926,12,0.4050492711712013,10.20149530807291,3,0.2961340470869052,False,False,it05_no_physionet
knn__k5,trss,0.1747083450982612,0.07992717230069513,0.17657090664812405,12,0.3876813216805375,-0.7386193483442423,3,0.21467193124860875,True,False,it05_no_physionet
knn__k5,tv,0.16612635257739192,0.07697692462774973,0.16882176165819812,12,0.36242806536640804,-0.14006296100059093,3,0.2046148148912668,True,False,it05_no_physionet
knn__k5,wavelet_temporal,0.18738739410792357,0.0707850330267168,0.1860546393177075,12,0.365163788354566,13.481602171984164,3,0.22277991062128197,True,False,it05_no_physionet
knng__k4_sigma1,bgsrp,0.4884824113527335,0.03746912859698717,0.4768572838578813,12,0.6190917032712199,2.3486045531779514,3,0.5072169756512271,False,False,it05_no_physionet
knng__k4_sigma1,directed_tv,0.17310294008261287,0.0718103782557556,0.18903430467187365,12,0.38508311623612207,-0.7274368864072421,3,0.20900812921049067,True,False,it05_no_physionet
knng__k4_sigma1,graph_time_tikhonov,0.39070714496631354,0.039429258656163556,0.38968592064579965,12,0.48432627783925564,4.670928311419544,3,0.4104217742943953,True,False,it05_no_physionet
knng__k4_sigma1,gsmooth,0.16769356241949515,0.07746991937968734,0.16746707986099207,12,0.36592730342854746,-0.24524068222197679,3,0.20642852210933882,False,False,it05_no_physionet
knng__k4_sigma1,gsp,0.17908956711995036,0.08141601061970855,0.1812869174892967,12,0.40129538545267174,-1.0307778471963256,3,0.21979757242980463,False,False,it05_no_physionet
knng__k4_sigma1,heat_diffusion_temporal,0.16634337307679703,0.07513680361375834,0.16778715252970033,12,0.35741387965255456,-0.1165594403083805,3,0.2039117748836762,True,False,it05_no_physionet
knng__k4_sigma1,idw,0.16952263566320666,0.07913468644848491,0.16985609921377734,12,0.3714690363700119,-0.3489149133012366,3,0.20908997888744912,False,False,it05_no_physionet
knng__k4_sigma1,linear,0.1961211837997016,0.09104456012482755,0.20540595649560128,12,0.4496401479366146,-1.9577692391721853,3,0.24164346386211535,False,True,it05_no_physionet
knng__k4_sigma1,mean,0.1658937610924521,0.07710858236491445,0.16815429161672224,12,0.3610497534940873,-0.10519829634194815,3,0.20444805227490934,False,True,it05_no_physionet
knng__k4_sigma1,nearest,0.21328102707136967,0.09971481507311342,0.21655966581197464,12,0.4964377001253562,-2.804704732978083,3,0.2631384346079264,False,True,it05_no_physionet
knng__k4_sigma1,puy,0.3962681541602385,0.04205888346626237,0.3945320366708371,12,0.5123773376780074,4.542939270604661,3,0.4172975958933697,False,False,it05_no_physionet
knng__k4_sigma1,rbfi_mq,0.2285962323387404,0.10844141460330263,0.224958990393582,12,0.5308455317335598,-3.3187437856135684,3,0.28281693964039173,False,False,it05_no_physionet
knng__k4_sigma1,rbfi_tps,0.21657463993274204,0.10371455866867085,0.21815812588456657,12,0.49966663050883003,-2.8094434565345736,3,0.26843191926707743,False,False,it05_no_physionet
knng__k4_sigma1,sobolev,0.5567471671467403,0.01158522733577871,0.5573513330612716,12,0.6292615359678078,1.1425871835111423,3,0.5625397808146296,False,False,it05_no_physionet
knng__k4_sigma1,spherical_spline,0.23973566860272874,0.13176593226192157,0.22820461628551847,12,0.5537134457575429,-3.2773326109953196,3,0.30561863473368955,False,False,it05_no_physionet
knng__k4_sigma1,spline_surface,0.2888196434791303,0.11469392229818245,0.29238820608175986,12,0.7786261969633554,-5.42924686456261,3,0.3461666046282215,False,False,it05_no_physionet
knng__k4_sigma1,spline_temporal,,0.0,,0,,,3,,True,False,it05_no_physionet
knng__k4_sigma1,temporal_laplacian,0.43851609601109964,0.031974993068867995,0.43973810348685965,12,0.5122646806062576,3.5159690841867874,3,0.45450359254553363,True,False,it05_no_physionet
knng__k4_sigma1,tikhonov,0.23812207049019066,0.0687887787719523,0.23866347938300736,12,0.4051515558540007,12.744469308744007,3,0.2725164598761668,False,False,it05_no_physionet
knng__k4_sigma1,trss,0.1757165014061293,0.07920906081691008,0.1785806773360301,12,0.39093044754832557,-0.8339754212258746,3,0.21532103181458434,True,False,it05_no_physionet
knng__k4_sigma1,tv,0.16699571445790773,0.07656847990987307,0.16841595775138285,12,0.36507387125221563,-0.21959356225588408,3,0.20527995441284427,True,False,it05_no_physionet
knng__k4_sigma1,wavelet_temporal,0.18423717257451333,0.07089375033225694,0.18261538929701304,12,0.3605198792182205,15.272879989997676,3,0.2196840477406418,True,False,it05_no_physionet
nnk__k4,bgsrp,0.4870367724661564,0.04355269520853043,0.48100269997343637,12,0.6484340775840974,2.7892124129005746,3,0.5088131200704216,False,False,it05_no_physionet
nnk__k4,directed_tv,0.18587914350497425,0.0724922042087965,0.2012133252579306,12,0.4287339750674802,-1.5985182198521537,3,0.2221252456093725,True,False,it05_no_physionet
nnk__k4,graph_time_tikhonov,0.31064833759529825,0.05627881844511448,0.31272427909711387,12,0.4403157496171665,7.839551697631329,3,0.3387877468178555,True,False,it05_no_physionet
nnk__k4,gsmooth,0.16855173128861292,0.07815808467386597,0.1695902152494305,12,0.36813455598281203,-0.2940722055646519,3,0.2076307736255459,False,False,it05_no_physionet
nnk__k4,gsp,0.18554062827251291,0.08452826068417998,0.18465401394299896,12,0.41866756920474346,-1.3910340227974631,3,0.22780475861460292,False,False,it05_no_physionet
nnk__k4,heat_diffusion_temporal,0.16607250476017857,0.07544053614047823,0.1664226314221937,12,0.35526860342419747,-0.06778699634404685,3,0.2037927728304177,True,False,it05_no_physionet
nnk__k4,idw,0.16952263566320666,0.07913468644848491,0.16985609921377734,12,0.3714690363700119,-0.3489149133012366,3,0.20908997888744912,False,False,it05_no_physionet
nnk__k4,linear,0.1961211837997016,0.09104456012482755,0.20540595649560128,12,0.4496401479366146,-1.9577692391721853,3,0.24164346386211535,False,True,it05_no_physionet
nnk__k4,mean,0.1658937610924521,0.07710858236491445,0.16815429161672224,12,0.3610497534940873,-0.10519829634194815,3,0.20444805227490934,False,True,it05_no_physionet
nnk__k4,nearest,0.21328102707136967,0.09971481507311342,0.21655966581197464,12,0.4964377001253562,-2.804704732978083,3,0.2631384346079264,False,True,it05_no_physionet
nnk__k4,puy,0.2729217650521676,0.07604139850140831,0.28151765425613234,12,0.47946201380585696,11.67514160925475,3,0.31094246430287176,False,False,it05_no_physionet
nnk__k4,rbfi_mq,0.2285962323387404,0.10844141460330263,0.224958990393582,12,0.5308455317335598,-3.3187437856135684,3,0.28281693964039173,False,False,it05_no_physionet
nnk__k4,rbfi_tps,0.21657463993274204,0.10371455866867085,0.21815812588456657,12,0.49966663050883003,-2.8094434565345736,3,0.26843191926707743,False,False,it05_no_physionet
nnk__k4,sobolev,0.481493423210827,0.029949396621409222,0.480552114842922,12,0.5534263142211089,2.5341123030165282,3,0.49646812152153164,False,False,it05_no_physionet
nnk__k4,spherical_spline,0.23973566860272874,0.13176593226192157,0.22820461628551847,12,0.5537134457575429,-3.2773326109953196,3,0.30561863473368955,False,False,it05_no_physionet
nnk__k4,spline_surface,0.2888196434791303,0.11469392229818245,0.29238820608175986,12,0.7786261969633554,-5.42924686456261,3,0.3461666046282215,False,False,it05_no_physionet
nnk__k4,spline_temporal,,0.0,,0,,,3,,True,False,it05_no_physionet
nnk__k4,temporal_laplacian,0.3850140181863368,0.043131484520993475,0.38654542085972443,12,0.47167916728476583,4.921229609167612,3,0.4065797604468335,True,False,it05_no_physionet
nnk__k4,tikhonov,0.21058926295574146,0.0784925733283587,0.21231231915568677,12,0.41678629932582273,18.097411718577423,3,0.2498355496199208,False,False,it05_no_physionet
nnk__k4,trss,0.1729962852715663,0.07853256910033732,0.1754888988229103,12,0.3793914537871211,-0.5919765673648347,3,0.21226256982173497,True,False,it05_no_physionet
nnk__k4,tv,0.17011962265746342,0.07760356643089597,0.17067457717918424,12,0.37491617304553043,-0.45229994673926616,3,0.20892140587291141,True,False,it05_no_physionet
nnk__k4,wavelet_temporal,0.17568066527674356,0.0724584157682425,0.17637007644759578,12,0.35515134247323177,20.133850125752883,3,0.2119098731608648,True,False,it05_no_physionet
vknng__alpha1_k4_k_max8_k_min2,bgsrp,0.48997927901476945,0.03522088432248049,0.48016753415241087,12,0.6147775006357326,2.2582284941542574,3,0.5075897211760096,False,False,it05_no_physionet
vknng__alpha1_k4_k_max8_k_min2,directed_tv,0.17155186928227714,0.07200891356382748,0.1857421146800681,12,0.37892683911353536,-0.6051514971531415,3,0.2075563260641909,True,False,it05_no_physionet
vknng__alpha1_k4_k_max8_k_min2,graph_time_tikhonov,0.4180510087568156,0.03434286471349941,0.42015242365504085,12,0.505913217459183,3.9068375386878444,3,0.43522244111356534,True,False,it05_no_physionet
vknng__alpha1_k4_k_max8_k_min2,gsmooth,0.16773768948904236,0.07744218716984731,0.1674195871651,12,0.3660447299120573,-0.24934483112837835,3,0.206458783073966,False,False,it05_no_physionet
vknng__alpha1_k4_k_max8_k_min2,gsp,0.17899817919058625,0.08142750953879803,0.18123978313728545,12,0.40106318495684895,-1.026930460663411,3,0.21971193395998526,False,False,it05_no_physionet
vknng__alpha1_k4_k_max8_k_min2,heat_diffusion_temporal,0.16715529956921804,0.07549248369550636,0.16846611038873943,12,0.36021455791922974,-0.176543309500108,3,0.20490154141697123,True,False,it05_no_physionet
vknng__alpha1_k4_k_max8_k_min2,idw,0.16952263566320666,0.07913468644848491,0.16985609921377734,12,0.3714690363700119,-0.3489149133012366,3,0.20908997888744912,False,False,it05_no_physionet
vknng__alpha1_k4_k_max8_k_min2,linear,0.1961211837997016,0.09104456012482755,0.20540595649560128,12,0.4496401479366146,-1.9577692391721853,3,0.24164346386211535,False,True,it05_no_physionet
vknng__alpha1_k4_k_max8_k_min2,mean,0.1658937610924521,0.07710858236491445,0.16815429161672224,12,0.3610497534940873,-0.10519829634194815,3,0.20444805227490934,False,True,it05_no_physionet
vknng__alpha1_k4_k_max8_k_min2,nearest,0.21328102707136967,0.09971481507311342,0.21655966581197464,12,0.4964377001253562,-2.804704732978083,3,0.2631384346079264,False,True,it05_no_physionet
vknng__alpha1_k4_k_max8_k_min2,puy,0.44251641992812174,0.03308940755720823,0.44622830944908465,12,0.5455985284136895,3.2603921398870255,3,0.45906112370672586,False,False,it05_no_physionet
vknng__alpha1_k4_k_max8_k_min2,rbfi_mq,0.2285962323387404,0.10844141460330263,0.224958990393582,12,0.5308455317335598,-3.3187437856135684,3,0.28281693964039173,False,False,it05_no_physionet
vknng__alpha1_k4_k_max8_k_min2,rbfi_tps,0.21657463993274204,0.10371455866867085,0.21815812588456657,12,0.49966663050883003,-2.8094434565345736,3,0.26843191926707743,False,False,it05_no_physionet
vknng__alpha1_k4_k_max8_k_min2,sobolev,0.5725767873078301,0.011119691939181688,0.5732949689179585,12,0.6458543851419468,0.8906872741274742,3,0.5781366332774209,False,False,it05_no_physionet
vknng__alpha1_k4_k_max8_k_min2,spherical_spline,0.23973566860272874,0.13176593226192157,0.22820461628551847,12,0.5537134457575429,-3.2773326109953196,3,0.30561863473368955,False,False,it05_no_physionet
vknng__alpha1_k4_k_max8_k_min2,spline_surface,0.2888196434791303,0.11469392229818245,0.29238820608175986,12,0.7786261969633554,-5.42924686456261,3,0.3461666046282215,False,False,it05_no_physionet
vknng__alpha1_k4_k_max8_k_min2,spline_temporal,,0.0,,0,,,3,,True,False,it05_no_physionet
vknng__alpha1_k4_k_max8_k_min2,temporal_laplacian,0.4574412675224486,0.029372450387289414,0.4617878576171718,12,0.5292725423060968,3.0840820456549456,3,0.47212749271609333,True,False,it05_no_physionet
vknng__alpha1_k4_k_max8_k_min2,tikhonov,0.25375028442086345,0.0658176044197296,0.2577659324986505,12,0.4088489797014023,11.23643230487216,3,0.28665908663072825,False,False,it05_no_physionet
vknng__alpha1_k4_k_max8_k_min2,trss,0.17711982452306618,0.08008590077839259,0.17989109817017535,12,0.3953827273243316,-0.9207550400611346,3,0.2171627749122625,True,False,it05_no_physionet
vknng__alpha1_k4_k_max8_k_min2,tv,0.1665050643289023,0.07668797076188566,0.16771173608047113,12,0.3633499013846715,-0.17426089067203054,3,0.20484904970984513,True,False,it05_no_physionet
vknng__alpha1_k4_k_max8_k_min2,wavelet_temporal,0.18591929533688675,0.07097653674432121,0.1847868398228163,12,0.3638046954295742,13.87828680162025,3,0.22140756370904735,True,False,it05_no_physionet
aew__k4_sigma_corr0_5_sigma_dist1,bgsrp,0.5832939405723419,0.044239225564311174,0.5832939405723419,2,0.8093163459852114,1.978096833676359,1,0.6054135533544974,False,False,it20
aew__k4_sigma_corr0_5_sigma_dist1,directed_tv,0.24852056558268934,0.052265024715048854,0.24852056558268934,2,0.5012287878635625,-0.5680664130237941,1,0.27465307794021376,True,False,it20
aew__k4_sigma_corr0_5_sigma_dist1,graph_time_tikhonov,0.31634983644756803,0.04370338331086772,0.31634983644756803,2,0.5106259827092274,10.565294178937803,1,0.3382015281030019,True,False,it20
aew__k4_sigma_corr0_5_sigma_dist1,gsmooth,0.24406350842666286,0.038327233912585086,0.24406350842666286,2,0.4606483808741094,-0.5054569820993082,1,0.2632271253829554,False,False,it20
aew__k4_sigma_corr0_5_sigma_dist1,gsp,0.26807241365726386,0.05356770679720664,0.26807241365726386,2,0.5161110296584247,-1.4163141961372512,1,0.2948562670558672,False,False,it20
aew__k4_sigma_corr0_5_sigma_dist1,heat_diffusion_temporal,0.23526198316398073,0.048569520682278024,0.23526198316398073,2,0.43154783047902945,-0.05987823810212185,1,0.25954674350511975,True,False,it20
aew__k4_sigma_corr0_5_sigma_dist1,idw,0.24728539879922246,0.039572314016660254,0.24728539879922246,2,0.4668311949248224,-0.6143774494108202,1,0.2670715558075526,False,False,it20
aew__k4_sigma_corr0_5_sigma_dist1,linear,0.29354161500119014,0.051385711210917034,0.29354161500119014,2,0.5717338421442337,-2.354693541186894,1,0.31923447060664867,False,True,it20
aew__k4_sigma_corr0_5_sigma_dist1,mean,0.23677734576357667,0.034328003221824915,0.23677734576357667,2,0.44713538855090285,-0.19845099252837473,1,0.25394134737448915,False,True,it20
aew__k4_sigma_corr0_5_sigma_dist1,nearest,0.3100566735875482,0.030419960536016342,0.3100566735875482,2,0.622606125008665,-3.0638353886280054,1,0.32526665385555636,False,True,it20
aew__k4_sigma_corr0_5_sigma_dist1,puy,0.3102475310700915,0.07095689508557033,0.3102475310700915,2,0.5935860177170632,19.4606979779838,1,0.3457259786128767,False,False,it20
aew__k4_sigma_corr0_5_sigma_dist1,rbfi_mq,0.3371965322678441,0.07452877412529138,0.3371965322678441,2,0.6833578104182755,-3.66150318447152,1,0.37446091933048975,False,False,it20
aew__k4_sigma_corr0_5_sigma_dist1,rbfi_tps,0.3285447475565504,0.07539107929455197,0.3285447475565504,2,0.6580652402787722,-3.412068103381936,1,0.3662402872038264,False,False,it20
aew__k4_sigma_corr0_5_sigma_dist1,sobolev,0.4464395009580133,0.024547996654226266,0.4464395009580133,2,0.5303804523961183,3.528998312668749,1,0.45871349928512645,False,False,it20
aew__k4_sigma_corr0_5_sigma_dist1,spherical_spline,0.40715826346129047,0.09605318406493295,0.40715826346129047,2,0.8462044060567095,-5.081717913398483,1,0.4551848554937569,False,False,it20
aew__k4_sigma_corr0_5_sigma_dist1,spline_surface,0.39740154837123587,0.09701173948317919,0.39740154837123587,2,0.7919078577198901,-4.592570077525567,1,0.44590741811282547,False,False,it20
aew__k4_sigma_corr0_5_sigma_dist1,spline_temporal,,0.0,,0,,,1,,True,False,it20
aew__k4_sigma_corr0_5_sigma_dist1,temporal_laplacian,0.40597046227461686,0.031862663284861925,0.40597046227461686,2,0.531634897609067,5.0455703313081965,1,0.42190179391704785,True,False,it20
aew__k4_sigma_corr0_5_sigma_dist1,tikhonov,0.27631252381035465,0.05173958120496353,0.27631252381035465,2,0.5144549126393998,20.257173954494746,1,0.30218231441283644,False,False,it20
aew__k4_sigma_corr0_5_sigma_dist1,trss,0.24088450052880345,0.04918805018765991,0.24088450052880345,2,0.44376745366673254,-0.27809010726213923,1,0.2654785256226334,True,False,it20
aew__k4_sigma_corr0_5_sigma_dist1,tv,0.2470535501688502,0.036042396136620816,0.2470535501688502,2,0.4717939612971276,-0.6344303319600837,1,0.2650747482371606,True,False,it20
aew__k4_sigma_corr0_5_sigma_dist1,wavelet_temporal,0.2349698922363378,0.04872839805923221,0.2349698922363378,2,0.42694987826943087,24.149348000571337,1,0.2593340912659539,True,False,it20
gaussian__sigma1,bgsrp,0.5399156587620286,0.005314759901741718,0.5399156587620286,2,0.6480884522750742,1.476512118892025,1,0.5425730387128995,False,False,it20
gaussian__sigma1,directed_tv,0.23538277185776715,0.05079241983881874,0.23538277185776715,2,0.4320460910365712,-0.049398432780991305,1,0.2607789817771765,True,False,it20
gaussian__sigma1,graph_time_tikhonov,0.49395837207756355,0.014829941591369099,0.49395837207756355,2,0.5816099840746376,2.3209280938089867,1,0.5013733428732481,True,False,it20
gaussian__sigma1,gsmooth,0.23806560375669575,0.03458296949069319,0.23806560375669575,2,0.4495493462150404,-0.2525486915126286,1,0.25535708850204236,False,False,it20
gaussian__sigma1,gsp,0.24211199160942234,0.03527035124843874,0.24211199160942234,2,0.4575814233214881,-0.4217623174277705,1,0.2597471672336417,False,False,it20
gaussian__sigma1,heat_diffusion_temporal,0.2370586125537466,0.04158160609688802,0.2370586125537466,2,0.4399161304440853,-0.17692598123582196,1,0.2578494156021906,True,False,it20
gaussian__sigma1,idw,0.24728539879922246,0.039572314016660254,0.24728539879922246,2,0.4668311949248224,-0.6143774494108202,1,0.2670715558075526,False,False,it20
gaussian__sigma1,linear,0.29354161500119014,0.051385711210917034,0.29354161500119014,2,0.5717338421442337,-2.354693541186894,1,0.31923447060664867,False,True,it20
gaussian__sigma1,mean,0.23677734576357667,0.034328003221824915,0.23677734576357667,2,0.44713538855090285,-0.19845099252837473,1,0.25394134737448915,False,True,it20
gaussian__sigma1,nearest,0.3100566735875482,0.030419960536016342,0.3100566735875482,2,0.622606125008665,-3.0638353886280054,1,0.32526665385555636,False,True,it20
gaussian__sigma1,puy,0.5487665389511502,0.010366774579032758,0.5487665389511502,2,0.6354277374975459,1.2546699044555343,1,0.5539499262406666,False,False,it20
gaussian__sigma1,rbfi_mq,0.3371965322678441,0.07452877412529138,0.3371965322678441,2,0.6833578104182755,-3.66150318447152,1,0.37446091933048975,False,False,it20
gaussian__sigma1,rbfi_tps,0.3285447475565504,0.07539107929455197,0.3285447475565504,2,0.6580652402787722,-3.412068103381936,1,0.3662402872038264,False,False,it20
gaussian__sigma1,sobolev,0.6014012174001203,0.008971221560636317,0.6014012174001203,2,0.6774465395539566,0.4423765161170574,1,0.6058868281804385,False,False,it20
gaussian__sigma1,spherical_spline,0.40715826346129047,0.09605318406493295,0.40715826346129047,2,0.8462044060567095,-5.081717913398483,1,0.4551848554937569,False,False,it20
gaussian__sigma1,spline_surface,0.39740154837123587,0.09701173948317919,0.39740154837123587,2,0.7919078577198901,-4.592570077525567,1,0.44590741811282547,False,False,it20
gaussian__sigma1,spline_temporal,,0.0,,0,,,1,,True,False,it20
gaussian__sigma1,temporal_laplacian,0.5273447385179881,0.013184642657916894,0.5273447385179881,2,0.5966246693899293,1.688195567999832,1,0.5339370598469466,True,False,it20
gaussian__sigma1,tikhonov,0.34142914556021364,0.02659634523225819,0.34142914556021364,2,0.4774228615248143,7.382248780712223,1,0.35472731817634273,False,False,it20
gaussian__sigma1,trss,0.2420882614300384,0.03523679170712131,0.2420882614300384,2,0.457306224156921,-0.4188797780159642,1,0.25970665728359904,True,False,it20
gaussian__sigma1,tv,0.23796441308486393,0.03589011199822951,0.23796441308486393,2,0.4504202494799039,-0.2361930432830432,1,0.2559094690839787,True,False,it20
gaussian__sigma1,wavelet_temporal,0.245272605458588,0.04835281744775491,0.245272605458588,2,0.43060375967385434,13.539484959429139,1,0.2694490141824655,True,False,it20
kalofolias,bgsrp,0.5986685783425008,0.00850720839632472,0.5986685783425008,2,0.6876028765394689,0.45078971106639554,1,0.6029221825406631,False,False,it20
kalofolias,directed_tv,0.23381213010721205,0.04712586870253708,0.23381213010721205,2,0.4291090175336255,-0.01057850136203405,1,0.2573750644584806,True,False,it20
kalofolias,graph_time_tikhonov,0.5986146070691902,0.007850651136243772,0.5986146070691902,2,0.6869933465850557,0.4457503153045584,1,0.6025399326373121,True,False,it20
kalofolias,gsmooth,0.2590203217544965,0.051168132944387906,0.2590203217544965,2,0.4842184902293351,-1.0016200107081332,1,0.2846043882266905,False,False,it20
kalofolias,gsp,0.3610955518820347,0.08886773330145033,0.3610955518820347,2,0.6955161751076742,-4.037901337219029,1,0.40552941853275987,False,False,it20
kalofolias,heat_diffusion_temporal,2.1533469384423314,0.44746102284026323,2.1533469384423314,2,3.5613124927832316,-18.35901211896666,1,2.377077449862463,True,False,it20
kalofolias,idw,0.24728539879922246,0.039572314016660254,0.24728539879922246,2,0.4668311949248224,-0.6143774494108202,1,0.2670715558075526,False,False,it20
kalofolias,linear,0.29354161500119014,0.051385711210917034,0.29354161500119014,2,0.5717338421442337,-2.354693541186894,1,0.31923447060664867,False,True,it20
kalofolias,mean,0.23677734576357667,0.034328003221824915,0.23677734576357667,2,0.44713538855090285,-0.19845099252837473,1,0.25394134737448915,False,True,it20
kalofolias,nearest,0.3100566735875482,0.030419960536016342,0.3100566735875482,2,0.622606125008665,-3.0638353886280054,1,0.32526665385555636,False,True,it20
kalofolias,puy,0.6020586040154697,0.007367709325790859,0.6020586040154697,2,0.6912361432956389,0.39098975459341656,1,0.6057424586783652,False,False,it20
kalofolias,rbfi_mq,0.3371965322678441,0.07452877412529138,0.3371965322678441,2,0.6833578104182755,-3.66150318447152,1,0.37446091933048975,False,False,it20
kalofolias,rbfi_tps,0.3285447475565504,0.07539107929455197,0.3285447475565504,2,0.6580652402787722,-3.412068103381936,1,0.3662402872038264,False,False,it20
kalofolias,sobolev,0.610985683419898,0.008275307735931974,0.610985683419898,2,0.6880973649959087,0.3006058083872623,1,0.615123337287864,False,False,it20
kalofolias,spherical_spline,0.40715826346129047,0.09605318406493295,0.40715826346129047,2,0.8462044060567095,-5.081717913398483,1,0.4551848554937569,False,False,it20
kalofolias,spline_surface,0.39740154837123587,0.09701173948317919,0.39740154837123587,2,0.7919078577198901,-4.592570077525567,1,0.44590741811282547,False,False,it20
kalofolias,spline_temporal,,0.0,,0,,,1,,True,False,it20
kalofolias,temporal_laplacian,0.6254948499760699,0.0008604460735600703,0.6254948499760699,2,0.699518365207036,0.09428662668085494,1,0.6259250730128499,True,False,it20
kalofolias,tikhonov,0.5817727908249386,0.009270597547087858,0.5817727908249386,2,0.669497472323985,0.7145248332217915,1,0.5864080895984826,False,False,it20
kalofolias,trss,0.3124872279323011,0.07495713621693076,0.3124872279323011,2,0.5967659360462397,-2.734759604176011,1,0.3499657960407665,True,False,it20
kalofolias,tv,0.2369149778873004,0.0342377955540001,0.2369149778873004,2,0.4473465622056244,-0.203834410520848,1,0.25403387566430047,True,False,it20
kalofolias,wavelet_temporal,0.2477128391748503,0.0483132162179252,0.2477128391748503,2,0.4319410628110142,12.568022468298299,1,0.2718694472838129,True,False,it20
knn__k3,bgsrp,0.5334799596520468,7.894301977104355e-05,0.5334799596520468,2,0.6894641800996886,1.8381963615135573,1,0.5335194311619322,False,False,it20
knn__k3,directed_tv,0.2390358143323268,0.04431902216703875,0.2390358143323268,2,0.4579272502302047,-0.20470734238570826,1,0.26119532541584617,True,False,it20
knn__k3,graph_time_tikhonov,0.43110794353322035,0.012994302457312961,0.43110794353322035,2,0.5494964184299067,4.084243503164071,1,0.4376050947618768,True,False,it20
knn__k3,gsmooth,0.245441306834223,0.037147667251972674,0.245441306834223,2,0.4632351948230764,-0.5767901418225339,1,0.26401514046020935,False,False,it20
knn__k3,gsp,0.27552513272162543,0.04195688257038593,0.27552513272162543,2,0.5293209867575548,-1.7250185702025584,1,0.29650357400681837,False,False,it20
knn__k3,heat_diffusion_temporal,0.2416812873330439,0.05307132000031535,0.2416812873330439,2,0.44510394609393167,-0.2997909958185047,1,0.26821694733320156,True,False,it20
knn__k3,idw,0.24728539879922246,0.039572314016660254,0.24728539879922246,2,0.4668311949248224,-0.6143774494108202,1,0.2670715558075526,False,False,it20
knn__k3,linear,0.29354161500119014,0.051385711210917034,0.29354161500119014,2,0.5717338421442337,-2.354693541186894,1,0.31923447060664867,False,True,it20
knn__k3,mean,0.23677734576357667,0.034328003221824915,0.23677734576357667,2,0.44713538855090285,-0.19845099252837473,1,0.25394134737448915,False,True,it20
knn__k3,nearest,0.3100566735875482,0.030419960536016342,0.3100566735875482,2,0.622606125008665,-3.0638353886280054,1,0.32526665385555636,False,True,it20
knn__k3,puy,0.45069934518040233,0.006916316283864138,0.45069934518040233,2,0.5984880187327355,3.8226290696254956,1,0.4541575033223344,False,False,it20
knn__k3,rbfi_mq,0.3371965322678441,0.07452877412529138,0.3371965322678441,2,0.6833578104182755,-3.66150318447152,1,0.37446091933048975,False,False,it20
knn__k3,rbfi_tps,0.3285447475565504,0.07539107929455197,0.3285447475565504,2,0.6580652402787722,-3.412068103381936,1,0.3662402872038264,False,False,it20
knn__k3,sobolev,0.5659711702920269,0.007377188595274836,0.5659711702920269,2,0.6414215682077286,0.996323630024813,1,0.5696597645896644,False,False,it20
knn__k3,spherical_spline,0.40715826346129047,0.09605318406493295,0.40715826346129047,2,0.8462044060567095,-5.081717913398483,1,0.4551848554937569,False,False,it20
knn__k3,spline_surface,0.39740154837123587,0.09701173948317919,0.39740154837123587,2,0.7919078577198901,-4.592570077525567,1,0.44590741811282547,False,False,it20
knn__k3,spline_temporal,,0.0,,0,,,1,,True,False,it20
knn__k3,temporal_laplacian,0.46293209291264975,0.01981034701641839,0.46293209291264975,2,0.5426251376015535,3.045195595848261,1,0.47283726642085894,True,False,it20
knn__k3,tikhonov,0.3207378830457422,0.031237718167965754,0.3207378830457422,2,0.5223914032825285,10.644550636222341,1,0.33635674212972505,False,False,it20
knn__k3,trss,0.26632812050653076,0.04522739969692638,0.26632812050653076,2,0.5068700779802684,-1.3672005125384965,1,0.28894182035499394,True,False,it20
knn__k3,tv,0.23876272921532588,0.031055577291446316,0.23876272921532588,2,0.4517712181147417,-0.30392005347771767,1,0.25429051786104906,True,False,it20
knn__k3,wavelet_temporal,0.2418484661908179,0.048278224905137355,0.2418484661908179,2,0.42833782282557753,16.942026877929827,1,0.26598757864338657,True,False,it20
knn__k5,bgsrp,0.538184862814981,0.005171384930343878,0.538184862814981,2,0.6698590241455358,1.6707771786864312,1,0.5407705552801529,False,False,it20
knn__k5,directed_tv,0.23777461346068265,0.04938537610723553,0.23777461346068265,2,0.4383499871580203,-0.1483050769722452,1,0.2624673015143004,True,False,it20
knn__k5,graph_time_tikhonov,0.4633538318734831,0.01658863031092685,0.4633538318734831,2,0.5624262399105711,3.066846509994636,1,0.47164814702894653,True,False,it20
knn__k5,gsmooth,0.2409928856714528,0.036817896252828344,0.2409928856714528,2,0.45538261138493064,-0.3837831680166151,1,0.25940183379786697,False,False,it20
knn__k5,gsp,0.2578775167507899,0.04531986818589608,0.2578775167507899,2,0.4944610701469687,-1.1225068462567367,1,0.28053745084373793,False,False,it20
knn__k5,heat_diffusion_temporal,0.24186753750149775,0.046287190030025155,0.24186753750149775,2,0.44918009727454566,-0.3708565478917448,1,0.2650111325165103,True,False,it20
knn__k5,idw,0.24728539879922246,0.039572314016660254,0.24728539879922246,2,0.4668311949248224,-0.6143774494108202,1,0.2670715558075526,False,False,it20
knn__k5,linear,0.29354161500119014,0.051385711210917034,0.29354161500119014,2,0.5717338421442337,-2.354693541186894,1,0.31923447060664867,False,True,it20
knn__k5,mean,0.23677734576357667,0.034328003221824915,0.23677734576357667,2,0.44713538855090285,-0.19845099252837473,1,0.25394134737448915,False,True,it20
knn__k5,nearest,0.3100566735875482,0.030419960536016342,0.3100566735875482,2,0.622606125008665,-3.0638353886280054,1,0.32526665385555636,False,True,it20
knn__k5,puy,0.49964862390259984,0.011471219895742471,0.49964862390259984,2,0.605496809785947,2.234564023854051,1,0.505384233850471,False,False,it20
knn__k5,rbfi_mq,0.3371965322678441,0.07452877412529138,0.3371965322678441,2,0.6833578104182755,-3.66150318447152,1,0.37446091933048975,False,False,it20
knn__k5,rbfi_tps,0.3285447475565504,0.07539107929455197,0.3285447475565504,2,0.6580652402787722,-3.412068103381936,1,0.3662402872038264,False,False,it20
knn__k5,sobolev,0.5878431946323517,0.009266639385135467,0.5878431946323517,2,0.663443137807499,0.6451137440427188,1,0.5924765143249194,False,False,it20
knn__k5,spherical_spline,0.40715826346129047,0.09605318406493295,0.40715826346129047,2,0.8462044060567095,-5.081717913398483,1,0.4551848554937569,False,False,it20
knn__k5,spline_surface,0.39740154837123587,0.09701173948317919,0.39740154837123587,2,0.7919078577198901,-4.592570077525567,1,0.44590741811282547,False,False,it20
knn__k5,spline_temporal,,0.0,,0,,,1,,True,False,it20
knn__k5,temporal_laplacian,0.49779946288800603,0.015665488783849282,0.49779946288800603,2,0.5711181696331866,2.2692430325457424,1,0.5056322072799306,True,False,it20
knn__k5,tikhonov,0.3284461527772314,0.033339151820100936,0.3284461527772314,2,0.49730886535598806,8.790088393110139,1,0.34511572868728185,False,False,it20
knn__k5,trss,0.25685298726310624,0.04387096509945217,0.25685298726310624,2,0.4911200511190437,-1.0722782736597525,1,0.27878846981283234,True,False,it20
knn__k5,tv,0.23737989308058124,0.03428303927857459,0.23737989308058124,2,0.44910473975720133,-0.2239658495254151,1,0.25452141271986856,True,False,it20
knn__k5,wavelet_temporal,0.24356814500374255,0.04838366864453262,0.24356814500374255,2,0.42900203027524253,15.015383984243574,1,0.26775997932600887,True,False,it20
knng__k4_sigma1,bgsrp,0.5443962895376151,0.021661175676601953,0.5443962895376151,2,0.7064906025319819,1.8343678365492981,1,0.555226877375916,False,False,it20
knng__k4_sigma1,directed_tv,0.2369152894467303,0.050951865887814286,0.2369152894467303,2,0.45282493055337786,-0.14937682153631235,1,0.26239122239063745,True,False,it20
knng__k4_sigma1,graph_time_tikhonov,0.42745320195062564,0.021186529017828276,0.42745320195062564,2,0.543583500432669,4.130112356569873,1,0.43804646645953976,True,False,it20
knng__k4_sigma1,gsmooth,0.24358428625153455,0.037695114292819,0.24358428625153455,2,0.45995170486276393,-0.49694605549490606,1,0.26243184339794406,False,False,it20
knng__k4_sigma1,gsp,0.2669424852496724,0.05102590185362167,0.2669424852496724,2,0.5143178201589444,-1.415986726135877,1,0.29245543617648323,False,False,it20
knng__k4_sigma1,heat_diffusion_temporal,0.2395260991992494,0.045760979775472145,0.2395260991992494,2,0.44142300314668265,-0.2459840519963461,1,0.26240658908698544,True,False,it20
knng__k4_sigma1,idw,0.24728539879922246,0.039572314016660254,0.24728539879922246,2,0.4668311949248224,-0.6143774494108202,1,0.2670715558075526,False,False,it20
knng__k4_sigma1,linear,0.29354161500119014,0.051385711210917034,0.29354161500119014,2,0.5717338421442337,-2.354693541186894,1,0.31923447060664867,False,True,it20
knng__k4_sigma1,mean,0.23677734576357667,0.034328003221824915,0.23677734576357667,2,0.44713538855090285,-0.19845099252837473,1,0.25394134737448915,False,True,it20
knng__k4_sigma1,nearest,0.3100566735875482,0.030419960536016342,0.3100566735875482,2,0.622606125008665,-3.0638353886280054,1,0.32526665385555636,False,True,it20
knng__k4_sigma1,puy,0.4454099687380177,0.023289579511440724,0.4454099687380177,2,0.589748784754403,3.912485795042024,1,0.45705475849373806,False,False,it20
knng__k4_sigma1,rbfi_mq,0.3371965322678441,0.07452877412529138,0.3371965322678441,2,0.6833578104182755,-3.66150318447152,1,0.37446091933048975,False,False,it20
knng__k4_sigma1,rbfi_tps,0.3285447475565504,0.07539107929455197,0.3285447475565504,2,0.6580652402787722,-3.412068103381936,1,0.3662402872038264,False,False,it20
knng__k4_sigma1,sobolev,0.5678001481118914,0.009656466734365803,0.5678001481118914,2,0.6432803239419008,0.96273211529462,1,0.5726283814790742,False,False,it20
knng__k4_sigma1,spherical_spline,0.40715826346129047,0.09605318406493295,0.40715826346129047,2,0.8462044060567095,-5.081717913398483,1,0.4551848554937569,False,False,it20
knng__k4_sigma1,spline_surface,0.39740154837123587,0.09701173948317919,0.39740154837123587,2,0.7919078577198901,-4.592570077525567,1,0.44590741811282547,False,False,it20
knng__k4_sigma1,spline_temporal,,0.0,,0,,,1,,True,False,it20
knng__k4_sigma1,temporal_laplacian,0.46308997198050883,0.020251000597736706,0.46308997198050883,2,0.5426385622818716,3.0372276378369873,1,0.47321547227937716,True,False,it20
knng__k4_sigma1,tikhonov,0.3127122201578304,0.04099892634232852,0.3127122201578304,2,0.5100438966774534,10.849854341949982,1,0.33321168332899465,False,False,it20
knng__k4_sigma1,trss,0.2590916789233731,0.0497525890821464,0.2590916789233731,2,0.49378635667044746,-1.1097788018500514,1,0.2839679734644463,True,False,it20
knng__k4_sigma1,tv,0.2380419397487498,0.032452756358213604,0.2380419397487498,2,0.4505143400638107,-0.2658468543304328,1,0.2542683179278566,True,False,it20
knng__k4_sigma1,wavelet_temporal,0.24152038471978035,0.04856405549504656,0.24152038471978035,2,0.42762950178417986,16.99767993434976,1,0.26580241246730363,True,False,it20
nnk__k4,bgsrp,0.5542916837948322,0.019642533140729362,0.5542916837948322,2,0.7517113087752232,1.8529773059633354,1,0.5641129503651968,False,False,it20
nnk__k4,directed_tv,0.238456215836964,0.04537908759465065,0.238456215836964,2,0.47501877971964745,-0.16779013021011815,1,0.2611457596342893,True,False,it20
nnk__k4,graph_time_tikhonov,0.37057186683055376,0.02451592149353708,0.37057186683055376,2,0.524337850757123,6.601695564101825,1,0.3828298275773223,True,False,it20
nnk__k4,gsmooth,0.24539841856794276,0.03691220762408498,0.24539841856794276,2,0.4629247930430782,-0.5711974010657453,1,0.26385452237998525,False,False,it20
nnk__k4,gsp,0.27375091143470703,0.041370176325170524,0.27375091143470703,2,0.5268283703108996,-1.6487153919783393,1,0.2944359995972923,False,False,it20
nnk__k4,heat_diffusion_temporal,0.23862838714440285,0.04841241180620474,0.23862838714440285,2,0.4382809712030624,-0.1856901973368793,1,0.2628345930475052,True,False,it20
nnk__k4,idw,0.24728539879922246,0.039572314016660254,0.24728539879922246,2,0.4668311949248224,-0.6143774494108202,1,0.2670715558075526,False,False,it20
nnk__k4,linear,0.29354161500119014,0.051385711210917034,0.29354161500119014,2,0.5717338421442337,-2.354693541186894,1,0.31923447060664867,False,True,it20
nnk__k4,mean,0.23677734576357667,0.034328003221824915,0.23677734576357667,2,0.44713538855090285,-0.19845099252837473,1,0.25394134737448915,False,True,it20
nnk__k4,nearest,0.3100566735875482,0.030419960536016342,0.3100566735875482,2,0.622606125008665,-3.0638353886280054,1,0.32526665385555636,False,True,it20
nnk__k4,puy,0.3642295045636596,0.04237556440630139,0.3642295045636596,2,0.6083374253393745,9.17613735594412,1,0.3854172867668103,False,False,it20
nnk__k4,rbfi_mq,0.3371965322678441,0.07452877412529138,0.3371965322678441,2,0.6833578104182755,-3.66150318447152,1,0.37446091933048975,False,False,it20
nnk__k4,rbfi_tps,0.3285447475565504,0.07539107929455197,0.3285447475565504,2,0.6580652402787722,-3.412068103381936,1,0.3662402872038264,False,False,it20
nnk__k4,sobolev,0.5167984457420657,0.014030173437528097,0.5167984457420657,2,0.5940083467464177,1.9047344253308252,1,0.5238135324608297,False,False,it20
nnk__k4,spherical_spline,0.40715826346129047,0.09605318406493295,0.40715826346129047,2,0.8462044060567095,-5.081717913398483,1,0.4551848554937569,False,False,it20
nnk__k4,spline_surface,0.39740154837123587,0.09701173948317919,0.39740154837123587,2,0.7919078577198901,-4.592570077525567,1,0.44590741811282547,False,False,it20
nnk__k4,spline_temporal,,0.0,,0,,,1,,True,False,it20
nnk__k4,temporal_laplacian,0.4268018775544356,0.02700327740637844,0.4268018775544356,2,0.5233821972130964,4.091029038239079,1,0.4403035162576248,True,False,it20
nnk__k4,tikhonov,0.29509221024437027,0.03727208014704897,0.29509221024437027,2,0.5219975296468966,14.768961881805275,1,0.31372825031789475,False,False,it20
nnk__k4,trss,0.2530756363901298,0.047293713983511905,0.2530756363901298,2,0.47462705699946617,-0.8053600783626875,1,0.27672249338188576,True,False,it20
nnk__k4,tv,0.2405558599986439,0.027927513187304572,0.2405558599986439,2,0.45623875670193376,-0.3950696174145517,1,0.25451961659229616,True,False,it20
nnk__k4,wavelet_temporal,0.2382985921847679,0.04873693887113498,0.2382985921847679,2,0.42783991186387693,19.707285796149655,1,0.2626670616203354,True,False,it20
vknng__alpha1_k4_k_max8_k_min2,bgsrp,0.5414560234530862,0.0181411450151568,0.5414560234530862,2,0.6910681861494702,1.758963163908561,1,0.5505265959606646,False,False,it20
vknng__alpha1_k4_k_max8_k_min2,directed_tv,0.23611109656747065,0.05049542074206011,0.23611109656747065,2,0.446330641458238,-0.11382033125860895,1,0.2613588069385007,True,False,it20
vknng__alpha1_k4_k_max8_k_min2,graph_time_tikhonov,0.45419306664096754,0.018031493328134446,0.45419306664096754,2,0.559829587473997,3.329816034871885,1,0.4632088133050348,True,False,it20
vknng__alpha1_k4_k_max8_k_min2,gsmooth,0.2435117632758731,0.03776045054144767,0.2435117632758731,2,0.4599381273290626,-0.49496324027371674,1,0.26239198854659695,False,False,it20
vknng__alpha1_k4_k_max8_k_min2,gsp,0.2665466239877071,0.05140558002131192,0.2665466239877071,2,0.5139037737378127,-1.413319655331922,1,0.2922494139983631,False,False,it20
vknng__alpha1_k4_k_max8_k_min2,heat_diffusion_temporal,0.24163001677370238,0.044964879906802264,0.24163001677370238,2,0.4467348258045878,-0.34277934387103587,1,0.26411245672710354,True,False,it20
vknng__alpha1_k4_k_max8_k_min2,idw,0.24728539879922246,0.039572314016660254,0.24728539879922246,2,0.4668311949248224,-0.6143774494108202,1,0.2670715558075526,False,False,it20
vknng__alpha1_k4_k_max8_k_min2,linear,0.29354161500119014,0.051385711210917034,0.29354161500119014,2,0.5717338421442337,-2.354693541186894,1,0.31923447060664867,False,True,it20
vknng__alpha1_k4_k_max8_k_min2,mean,0.23677734576357667,0.034328003221824915,0.23677734576357667,2,0.44713538855090285,-0.19845099252837473,1,0.25394134737448915,False,True,it20
vknng__alpha1_k4_k_max8_k_min2,nearest,0.3100566735875482,0.030419960536016342,0.3100566735875482,2,0.622606125008665,-3.0638353886280054,1,0.32526665385555636,False,True,it20
vknng__alpha1_k4_k_max8_k_min2,puy,0.48764048270785065,0.013966782774892406,0.48764048270785065,2,0.6084121416474875,2.6113834733073498,1,0.49462387409529684,False,False,it20
vknng__alpha1_k4_k_max8_k_min2,rbfi_mq,0.3371965322678441,0.07452877412529138,0.3371965322678441,2,0.6833578104182755,-3.66150318447152,1,0.37446091933048975,False,False,it20
vknng__alpha1_k4_k_max8_k_min2,rbfi_tps,0.3285447475565504,0.07539107929455197,0.3285447475565504,2,0.6580652402787722,-3.412068103381936,1,0.3662402872038264,False,False,it20
vknng__alpha1_k4_k_max8_k_min2,sobolev,0.5819543845071399,0.009001601133119085,0.5819543845071399,2,0.6576893416360486,0.733619699600389,1,0.5864551850736994,False,False,it20
vknng__alpha1_k4_k_max8_k_min2,spherical_spline,0.40715826346129047,0.09605318406493295,0.40715826346129047,2,0.8462044060567095,-5.081717913398483,1,0.4551848554937569,False,False,it20
vknng__alpha1_k4_k_max8_k_min2,spline_surface,0.39740154837123587,0.09701173948317919,0.39740154837123587,2,0.7919078577198901,-4.592570077525567,1,0.44590741811282547,False,False,it20
vknng__alpha1_k4_k_max8_k_min2,spline_temporal,,0.0,,0,,,1,,True,False,it20
vknng__alpha1_k4_k_max8_k_min2,temporal_laplacian,0.4813356302153138,0.017254802291019868,0.4813356302153138,2,0.5569139847299434,2.5981709964069957,1,0.4899630313608237,True,False,it20
vknng__alpha1_k4_k_max8_k_min2,tikhonov,0.32756800489083926,0.03824993472981398,0.32756800489083926,2,0.5108017805981123,9.314272412288778,1,0.34669297225574625,False,False,it20
vknng__alpha1_k4_k_max8_k_min2,trss,0.262214333632693,0.04999019068522505,0.262214333632693,2,0.5025967652826671,-1.249289859914856,1,0.2872094289753055,True,False,it20
vknng__alpha1_k4_k_max8_k_min2,tv,0.23809817450746595,0.03385507156857849,0.23809817450746595,2,0.45010002868276267,-0.25908601237446094,1,0.2550257102917552,True,False,it20
vknng__alpha1_k4_k_max8_k_min2,wavelet_temporal,0.24308448886664813,0.04852134922001646,0.24308448886664813,2,0.42911389222323565,15.350706367061015,1,0.2673451634766564,True,False,it20
