dataset,graph,method,missing_ratio,seed,mae,rmse,snr,dtw,params,error,n_missing_ch,time_sec,lambda
physionet_eegmmidb_real,knn__k3,tv,0.2,0,3.796784584889404e-06,1.1824918642003073e-05,13.289897109820416,8.008524379896955e-05,"{""lam"": 0.05, ""n_iter"": 30}",,5,0.15270170000076178,0.05
physionet_eegmmidb_real,knn__k3,graph_time_tikhonov,0.2,0,5.20507952958879e-06,8.515249020943439e-06,16.39159948088943,6.253763455179058e-05,"{""alpha"": 0.05, ""beta"": 0.1}",,5,0.00918320000073436,0.05
physionet_eegmmidb_real,knn__k3,trss,0.2,0,1.4599435117057874e-06,4.972022330899302e-06,21.30890555552746,3.768368689650731e-05,"{""alpha"": 0.05, ""beta"": 0.2, ""n_iter"": 60, ""lr"": 0.03}",,5,0.01967659999991156,0.05
physionet_eegmmidb_real,knn__k3,temporal_laplacian,0.2,0,1.4401582806561432e-05,1.931122008719366e-05,9.088877814423986,0.00013768705458004136,"{""alpha"": 0.05, ""beta"": 0.5}",,5,1.4776774000001751,0.05
physionet_eegmmidb_real,knn__k3,tv,0.2,1,3.7331029693482393e-06,1.1627758358358045e-05,13.502327997174982,7.456793774800297e-05,"{""lam"": 0.05, ""n_iter"": 30}",,5,0.15701239999998506,0.05
physionet_eegmmidb_real,knn__k3,graph_time_tikhonov,0.2,1,5.187585516541562e-06,8.42038004232808e-06,16.556301823892795,5.915405844959481e-05,"{""alpha"": 0.05, ""beta"": 0.1}",,5,0.007831500000065716,0.05
physionet_eegmmidb_real,knn__k3,trss,0.2,1,1.41591482599936e-06,4.739650342898789e-06,21.39542692558255,3.291235605591292e-05,"{""alpha"": 0.05, ""beta"": 0.2, ""n_iter"": 60, ""lr"": 0.03}",,5,0.017645799999627343,0.05
physionet_eegmmidb_real,knn__k3,temporal_laplacian,0.2,1,1.4426071075518305e-05,1.9426741406194498e-05,9.010276517863295,0.00013694419413974568,"{""alpha"": 0.05, ""beta"": 0.5}",,5,1.5824660000007498,0.05
physionet_eegmmidb_real,knn__k3,tv,0.2,2,3.734976186892242e-06,1.1580142512136199e-05,13.427855738245688,7.686184744554548e-05,"{""lam"": 0.05, ""n_iter"": 30}",,5,0.15165299999989656,0.05
physionet_eegmmidb_real,knn__k3,graph_time_tikhonov,0.2,2,5.1673724775370696e-06,8.291521347734612e-06,16.6382900685822,6.142894144641334e-05,"{""alpha"": 0.05, ""beta"": 0.1}",,5,0.008409300000494113,0.05
physionet_eegmmidb_real,knn__k3,trss,0.2,2,1.315996248849236e-06,4.504561247925852e-06,21.822067089523063,3.1703129544088304e-05,"{""alpha"": 0.05, ""beta"": 0.2, ""n_iter"": 60, ""lr"": 0.03}",,5,0.01713560000007419,0.05
physionet_eegmmidb_real,knn__k3,temporal_laplacian,0.2,2,1.437547048546739e-05,1.930495366193809e-05,9.11417458869621,0.00013453015517949827,"{""alpha"": 0.05, ""beta"": 0.5}",,5,1.5705047000001287,0.05
physionet_eegmmidb_real,knn__k3,tv,0.2,3,3.9266098050492005e-06,1.2202257670600261e-05,13.263108161283336,7.873571015606518e-05,"{""lam"": 0.05, ""n_iter"": 30}",,5,0.14441579999947862,0.05
physionet_eegmmidb_real,knn__k3,graph_time_tikhonov,0.2,3,5.2606262337193705e-06,8.635749088243594e-06,16.41892327316667,6.128193573360521e-05,"{""alpha"": 0.05, ""beta"": 0.1}",,5,0.008275600000160921,0.05
physionet_eegmmidb_real,knn__k3,trss,0.2,3,1.4415354868347235e-06,4.829309700509215e-06,21.40897305275277,3.606229170801869e-05,"{""alpha"": 0.05, ""beta"": 0.2, ""n_iter"": 60, ""lr"": 0.03}",,5,0.018590800000310992,0.05
physionet_eegmmidb_real,knn__k3,temporal_laplacian,0.2,3,1.4399444092975854e-05,1.9309676631143267e-05,9.150564776384773,0.00013911600995678404,"{""alpha"": 0.05, ""beta"": 0.5}",,5,1.4654594000003272,0.05
physionet_eegmmidb_real,knn__k3,tv,0.2,0,3.9274914107574195e-06,1.2212905489402504e-05,12.992034911587128,8.240397765355604e-05,"{""lam"": 0.1, ""n_iter"": 30}",,5,0.14901000000008935,0.1
physionet_eegmmidb_real,knn__k3,graph_time_tikhonov,0.2,0,6.286221784161243e-06,9.446641839996078e-06,15.688911127477638,7.002061037664592e-05,"{""alpha"": 0.1, ""beta"": 0.1}",,5,0.008934899999985646,0.1
physionet_eegmmidb_real,knn__k3,trss,0.2,0,1.488917247452706e-06,4.989522528923091e-06,21.122269855696494,3.777919685208852e-05,"{""alpha"": 0.1, ""beta"": 0.2, ""n_iter"": 60, ""lr"": 0.03}",,5,0.01814860000013141,0.1
physionet_eegmmidb_real,knn__k3,temporal_laplacian,0.2,0,1.7631713601994073e-05,2.3183969096401544e-05,7.238358338553655,0.00016414392711329182,"{""alpha"": 0.1, ""beta"": 0.5}",,5,1.378557200000614,0.1
physionet_eegmmidb_real,knn__k3,tv,0.2,1,3.8720429034107685e-06,1.2030868373530779e-05,13.182219823278032,7.748496399306149e-05,"{""lam"": 0.1, ""n_iter"": 30}",,5,0.1471893000007185,0.1
physionet_eegmmidb_real,knn__k3,graph_time_tikhonov,0.2,1,6.256834473513926e-06,9.350476048028185e-06,15.855469416290632,6.72783212598277e-05,"{""alpha"": 0.1, ""beta"": 0.1}",,5,0.007807300000422401,0.1
physionet_eegmmidb_real,knn__k3,trss,0.2,1,1.449426969114421e-06,4.807747979281351e-06,21.234343633965963,3.311019165773233e-05,"{""alpha"": 0.1, ""beta"": 0.2, ""n_iter"": 60, ""lr"": 0.03}",,5,0.019022100000256614,0.1
physionet_eegmmidb_real,knn__k3,temporal_laplacian,0.2,1,1.7637498041475615e-05,2.3319927942227576e-05,7.1580588921887305,0.00016211545621067007,"{""alpha"": 0.1, ""beta"": 0.5}",,5,1.4490574999999808,0.1
physionet_eegmmidb_real,knn__k3,tv,0.2,2,3.86847556773406e-06,1.1974267673905501e-05,13.117226996298882,7.935945855218141e-05,"{""lam"": 0.1, ""n_iter"": 30}",,5,0.15160019999984797,0.1
physionet_eegmmidb_real,knn__k3,graph_time_tikhonov,0.2,2,6.248787336659975e-06,9.255365750898691e-06,15.889483846154127,6.908388310616944e-05,"{""alpha"": 0.1, ""beta"": 0.1}",,5,0.00866519999999582,0.1
physionet_eegmmidb_real,knn__k3,trss,0.2,2,1.3572173125883184e-06,4.556009671982927e-06,21.6900158323332,3.253831432766869e-05,"{""alpha"": 0.1, ""beta"": 0.2, ""n_iter"": 60, ""lr"": 0.03}",,5,0.01841229999990901,0.1
physionet_eegmmidb_real,knn__k3,temporal_laplacian,0.2,2,1.7602750359982437e-05,2.3199228970411122e-05,7.259758385169803,0.0001601835096678516,"{""alpha"": 0.1, ""beta"": 0.5}",,5,1.3463183000003482,0.1
physionet_eegmmidb_real,knn__k3,tv,0.2,3,4.069476813659298e-06,1.2597466464151386e-05,12.952468510349233,8.131545626380387e-05,"{""lam"": 0.1, ""n_iter"": 30}",,5,0.15066139999998995,0.1
physionet_eegmmidb_real,knn__k3,graph_time_tikhonov,0.2,3,6.325970223173575e-06,9.571704078802102e-06,15.716674618483582,6.867346728004114e-05,"{""alpha"": 0.1, ""beta"": 0.1}",,5,0.008107300000119722,0.1
physionet_eegmmidb_real,knn__k3,trss,0.2,3,1.4742647051601337e-06,4.856834718504009e-06,21.30485802706314,3.642243724061574e-05,"{""alpha"": 0.1, ""beta"": 0.2, ""n_iter"": 60, ""lr"": 0.03}",,5,0.01841190000050119,0.1
physionet_eegmmidb_real,knn__k3,temporal_laplacian,0.2,3,1.7613839695920315e-05,2.3201117973300047e-05,7.261837652938362,0.00016438385993928803,"{""alpha"": 0.1, ""beta"": 0.5}",,5,1.3701822000002721,0.1
physionet_eegmmidb_real,knn__k3,tv,0.2,0,4.008073239670033e-06,1.2449215108386555e-05,12.813248328007296,8.379795962759041e-05,"{""lam"": 0.2, ""n_iter"": 30}",,5,0.16166159999920637,0.2
physionet_eegmmidb_real,knn__k3,graph_time_tikhonov,0.2,0,7.90875842089251e-06,1.1102045064052736e-05,14.528119052373258,8.189625097004647e-05,"{""alpha"": 0.2, ""beta"": 0.1}",,5,0.007680800000343879,0.2
physionet_eegmmidb_real,knn__k3,trss,0.2,0,1.5925834510678446e-06,5.2536528258846044e-06,20.52982083453904,3.964876812431217e-05,"{""alpha"": 0.2, ""beta"": 0.2, ""n_iter"": 60, ""lr"": 0.03}",,5,0.018687599999793747,0.2
physionet_eegmmidb_real,knn__k3,temporal_laplacian,0.2,0,2.2162470354781686e-05,2.8626537893781918e-05,5.2416325419667364,0.0001974959122182906,"{""alpha"": 0.2, ""beta"": 0.5}",,5,1.3593990999997914,0.2
physionet_eegmmidb_real,knn__k3,tv,0.2,1,3.956001283198891e-06,1.227679476842936e-05,12.990674430801766,7.931911002793643e-05,"{""lam"": 0.2, ""n_iter"": 30}",,5,0.15894509999998263,0.2
physionet_eegmmidb_real,knn__k3,graph_time_tikhonov,0.2,1,7.869535460787028e-06,1.1001970272769519e-05,14.68035575016175,7.973095973325375e-05,"{""alpha"": 0.2, ""beta"": 0.1}",,5,0.008715400000255613,0.2
physionet_eegmmidb_real,knn__k3,trss,0.2,1,1.569168301200841e-06,5.134216717257845e-06,20.600683157864992,3.469844602779748e-05,"{""alpha"": 0.2, ""beta"": 0.2, ""n_iter"": 60, ""lr"": 0.03}",,5,0.017971700000089186,0.2
physionet_eegmmidb_real,knn__k3,temporal_laplacian,0.2,1,2.217719669621091e-05,2.8772469909407144e-05,5.1771896897502785,0.0001963929005727174,"{""alpha"": 0.2, ""beta"": 0.5}",,5,1.3685824999993201,0.2
physionet_eegmmidb_real,knn__k3,tv,0.2,2,3.950691444583709e-06,1.221492364563592e-05,12.931526056805346,8.096268420347364e-05,"{""lam"": 0.2, ""n_iter"": 30}",,5,0.14498139999977866,0.2
physionet_eegmmidb_real,knn__k3,graph_time_tikhonov,0.2,2,7.875970851774226e-06,1.094953106864602e-05,14.66770368557961,8.109289199511823e-05,"{""alpha"": 0.2, ""beta"": 0.1}",,5,0.009096599999793398,0.2
physionet_eegmmidb_real,knn__k3,trss,0.2,2,1.4792985069314055e-06,4.855643998494142e-06,21.127166644255997,3.531452020785944e-05,"{""alpha"": 0.2, ""beta"": 0.2, ""n_iter"": 60, ""lr"": 0.03}",,5,0.017291499999373627,0.2
physionet_eegmmidb_real,knn__k3,temporal_laplacian,0.2,2,2.2135111889028354e-05,2.86557035845862e-05,5.256509700264897,0.00019517604633968188,"{""alpha"": 0.2, ""beta"": 0.5}",,5,1.3641121000000567,0.2
physionet_eegmmidb_real,knn__k3,tv,0.2,3,4.155839831964093e-06,1.2837370834257786e-05,12.766643555295557,8.284178442655308e-05,"{""lam"": 0.2, ""n_iter"": 30}",,5,0.14625880000039615,0.2
physionet_eegmmidb_real,knn__k3,graph_time_tikhonov,0.2,3,7.937435362822908e-06,1.1220731639426575e-05,14.554221255522156,8.11660209543693e-05,"{""alpha"": 0.2, ""beta"": 0.1}",,5,0.00805579999996553,0.2
physionet_eegmmidb_real,knn__k3,trss,0.2,3,1.5877929603556064e-06,5.179683949581028e-06,20.730839128706688,3.8474040555407744e-05,"{""alpha"": 0.2, ""beta"": 0.2, ""n_iter"": 60, ""lr"": 0.03}",,5,0.018606999999974505,0.2
physionet_eegmmidb_real,knn__k3,temporal_laplacian,0.2,3,2.2183729257029415e-05,2.8671189915268946e-05,5.238847642870265,0.0001983693022626753,"{""alpha"": 0.2, ""beta"": 0.5}",,5,1.3625638000003164,0.2
physionet_eegmmidb_real,knn__k3,tv,0.2,0,4.053628185394201e-06,1.2581151887247109e-05,12.714271494706914,8.454163970327369e-05,"{""lam"": 0.4, ""n_iter"": 30}",,5,0.14620689999992464,0.4
physionet_eegmmidb_real,knn__k3,graph_time_tikhonov,0.2,0,9.967105346739393e-06,1.3457655640280298e-05,13.046845089101197,9.70139497578569e-05,"{""alpha"": 0.4, ""beta"": 0.1}",,5,0.00808820000020205,0.4
physionet_eegmmidb_real,knn__k3,trss,0.2,0,1.7866971893519897e-06,5.810043705758537e-06,19.591849451903087,4.340634560080715e-05,"{""alpha"": 0.4, ""beta"": 0.2, ""n_iter"": 60, ""lr"": 0.03}",,5,0.017641000000367058,0.4
physionet_eegmmidb_real,knn__k3,temporal_laplacian,0.2,0,2.7250334669191186e-05,3.459015289291461e-05,3.51316545658601,0.00023822995682590623,"{""alpha"": 0.4, ""beta"": 0.5}",,5,1.3536560000002282,0.4
physionet_eegmmidb_real,knn__k3,tv,0.2,1,4.003079713994205e-06,1.2414173450844247e-05,12.884944807296003,8.03280798787807e-05,"{""lam"": 0.4, ""n_iter"": 30}",,5,0.14899419999983365,0.4
physionet_eegmmidb_real,knn__k3,graph_time_tikhonov,0.2,1,9.92556406824204e-06,1.3352016526746961e-05,13.1675186723496,9.625120004876218e-05,"{""alpha"": 0.4, ""beta"": 0.1}",,5,0.008766699999796401,0.4
physionet_eegmmidb_real,knn__k3,trss,0.2,1,1.7694150838490992e-06,5.7347192598064906e-06,19.66333657091079,3.830301024499819e-05,"{""alpha"": 0.4, ""beta"": 0.2, ""n_iter"": 60, ""lr"": 0.03}",,5,0.018602000000100816,0.4
physionet_eegmmidb_real,knn__k3,temporal_laplacian,0.2,1,2.727730566302025e-05,3.4734795617423164e-05,3.46568440737016,0.00023724134894764388,"{""alpha"": 0.4, ""beta"": 0.5}",,5,1.5203155999997762,0.4
physionet_eegmmidb_real,knn__k3,tv,0.2,2,3.996907518391855e-06,1.2349467356129294e-05,12.828973653734403,8.17958015681884e-05,"{""lam"": 0.4, ""n_iter"": 30}",,5,0.15012759999990521,0.4
physionet_eegmmidb_real,knn__k3,graph_time_tikhonov,0.2,2,9.943336130340122e-06,1.3338654713557933e-05,13.129145357303935,9.609887941538872e-05,"{""alpha"": 0.4, ""beta"": 0.1}",,5,0.007937400000628259,0.4
physionet_eegmmidb_real,knn__k3,trss,0.2,2,1.6829088009981362e-06,5.452414394496347e-06,20.161639351905244,4.0253516463852346e-05,"{""alpha"": 0.4, ""beta"": 0.2, ""n_iter"": 60, ""lr"": 0.03}",,5,0.01776049999989482,0.4
physionet_eegmmidb_real,knn__k3,temporal_laplacian,0.2,2,2.721413319864231e-05,3.4628445229291634e-05,3.522315452624009,0.0002371546355608446,"{""alpha"": 0.4, ""beta"": 0.5}",,5,1.3390208999999231,0.4
physionet_eegmmidb_real,knn__k3,tv,0.2,3,4.203639334544795e-06,1.2971063056841166e-05,12.664103715800358,8.364352884568373e-05,"{""lam"": 0.4, ""n_iter"": 30}",,5,0.1450993999997081,0.4
physionet_eegmmidb_real,knn__k3,graph_time_tikhonov,0.2,3,9.98854990127018e-06,1.3557869397920417e-05,13.066146618587112,9.682066797275279e-05,"{""alpha"": 0.4, ""beta"": 0.1}",,5,0.008542499999748543,0.4
physionet_eegmmidb_real,knn__k3,trss,0.2,3,1.801131852299642e-06,5.815801302111174e-06,19.75844465630528,4.254961487392189e-05,"{""alpha"": 0.4, ""beta"": 0.2, ""n_iter"": 60, ""lr"": 0.03}",,5,0.018354099999669415,0.4
physionet_eegmmidb_real,knn__k3,temporal_laplacian,0.2,3,2.7273360222383895e-05,3.4656659646392334e-05,3.500126458230819,0.00023809007231817664,"{""alpha"": 0.4, ""beta"": 0.5}",,5,1.3353628999993816,0.4
bci_iv2a_real_s1,knn__k3,tv,0.2,0,2.4458070355016063e-06,1.1467361084224177e-05,13.792053386171217,4.947004885207107e-05,"{""lam"": 0.05, ""n_iter"": 30}",,5,0.14952730000004522,0.05
bci_iv2a_real_s1,knn__k3,graph_time_tikhonov,0.2,0,4.579830426922271e-06,1.0989978430372973e-05,13.11767172467688,4.9569922329307885e-05,"{""alpha"": 0.05, ""beta"": 0.1}",,5,0.007861899999625166,0.05
bci_iv2a_real_s1,knn__k3,trss,0.2,0,5.941756012835722e-07,2.464454953058055e-06,24.603551699190977,1.5777294961245646e-05,"{""alpha"": 0.05, ""beta"": 0.2, ""n_iter"": 60, ""lr"": 0.03}",,5,0.018433500000355707,0.05
bci_iv2a_real_s1,knn__k3,temporal_laplacian,0.2,0,8.823570455051686e-06,1.877808290885208e-05,10.040766653411355,7.908091975681187e-05,"{""alpha"": 0.05, ""beta"": 0.5}",,5,1.3866068000006635,0.05
bci_iv2a_real_s1,knn__k3,tv,0.2,1,2.490540846827736e-06,1.2879175964642969e-05,13.94339191469444,5.33083436442532e-05,"{""lam"": 0.05, ""n_iter"": 30}",,5,0.1505698000000848,0.05
bci_iv2a_real_s1,knn__k3,graph_time_tikhonov,0.2,1,4.607393621061924e-06,1.2329635881495527e-05,13.070426041386717,5.32885270291925e-05,"{""alpha"": 0.05, ""beta"": 0.1}",,5,0.0078972999999678,0.05
bci_iv2a_real_s1,knn__k3,trss,0.2,1,6.478253813531107e-07,3.1469974658175144e-06,24.02829786877358,1.6899200611511153e-05,"{""alpha"": 0.05, ""beta"": 0.2, ""n_iter"": 60, ""lr"": 0.03}",,5,0.019470000000183063,0.05
bci_iv2a_real_s1,knn__k3,temporal_laplacian,0.2,1,8.87549072377419e-06,1.95208032424433e-05,10.005474113650846,8.08290997786946e-05,"{""alpha"": 0.05, ""beta"": 0.5}",,5,1.3507746999994197,0.05
bci_iv2a_real_s1,knn__k3,tv,0.2,2,2.3798691242357522e-06,1.159729175480869e-05,13.951196579194919,4.9013741391717265e-05,"{""lam"": 0.05, ""n_iter"": 30}",,5,0.14971929999956046,0.05
bci_iv2a_real_s1,knn__k3,graph_time_tikhonov,0.2,2,4.528032356429608e-06,1.1169744164253212e-05,13.155772970742113,5.009130086809294e-05,"{""alpha"": 0.05, ""beta"": 0.1}",,5,0.008097999999336025,0.05
bci_iv2a_real_s1,knn__k3,trss,0.2,2,5.868137996963358e-07,2.4989637675232738e-06,24.364299643206834,1.5315776725721337e-05,"{""alpha"": 0.05, ""beta"": 0.2, ""n_iter"": 60, ""lr"": 0.03}",,5,0.018061100000522856,0.05
bci_iv2a_real_s1,knn__k3,temporal_laplacian,0.2,2,8.769590824132301e-06,1.884981715719343e-05,10.00627718813601,8.13801723730452e-05,"{""alpha"": 0.05, ""beta"": 0.5}",,5,1.3853706999998394,0.05
bci_iv2a_real_s1,knn__k3,tv,0.2,3,2.388057736140033e-06,1.2348867897311748e-05,13.90551167721898,4.380065793077254e-05,"{""lam"": 0.05, ""n_iter"": 30}",,5,0.15431030000036117,0.05
bci_iv2a_real_s1,knn__k3,graph_time_tikhonov,0.2,3,4.550209861572498e-06,1.189823736691368e-05,13.015189234899472,4.822988704244405e-05,"{""alpha"": 0.05, ""beta"": 0.1}",,5,0.009341500000118685,0.05
bci_iv2a_real_s1,knn__k3,trss,0.2,3,6.521568318344157e-07,3.1437633324225473e-06,23.558753623766005,1.759860127489794e-05,"{""alpha"": 0.05, ""beta"": 0.2, ""n_iter"": 60, ""lr"": 0.03}",,5,0.01880540000001929,0.05
bci_iv2a_real_s1,knn__k3,temporal_laplacian,0.2,3,8.812454125546417e-06,1.9287096975033757e-05,9.958124423895729,8.044852797407131e-05,"{""alpha"": 0.05, ""beta"": 0.5}",,5,1.5427276999998867,0.05
bci_iv2a_real_s1,knn__k3,tv,0.2,0,2.446200645641726e-06,1.1468246828162121e-05,13.789441844785495,4.947882759798501e-05,"{""lam"": 0.1, ""n_iter"": 30}",,5,0.15380450000066048,0.1
bci_iv2a_real_s1,knn__k3,graph_time_tikhonov,0.2,0,5.728182812354723e-06,1.2434521488850946e-05,12.27805294915376,5.447814397770896e-05,"{""alpha"": 0.1, ""beta"": 0.1}",,5,0.008325799999511219,0.1
bci_iv2a_real_s1,knn__k3,trss,0.2,0,7.510281982971017e-07,3.2010318223491164e-06,23.20015081034821,1.8431033911962028e-05,"{""alpha"": 0.1, ""beta"": 0.2, ""n_iter"": 60, ""lr"": 0.03}",,5,0.01870269999926677,0.1
bci_iv2a_real_s1,knn__k3,temporal_laplacian,0.2,0,1.0059370476562002e-05,2.0175844913426484e-05,7.975470735700344,9.540953354943367e-05,"{""alpha"": 0.1, ""beta"": 0.5}",,5,1.467306199999257,0.1
bci_iv2a_real_s1,knn__k3,tv,0.2,1,2.490917260020396e-06,1.2879953571138645e-05,13.94113949485419,5.331537597085473e-05,"{""lam"": 0.1, ""n_iter"": 30}",,5,0.17926289999923029,0.1
bci_iv2a_real_s1,knn__k3,graph_time_tikhonov,0.2,1,5.738164874538155e-06,1.3614830826918623e-05,12.266816090807234,5.710020471675677e-05,"{""alpha"": 0.1, ""beta"": 0.1}",,5,0.008287499999823922,0.1
bci_iv2a_real_s1,knn__k3,trss,0.2,1,8.081711396377107e-07,4.072851636131956e-06,22.7731284249215,2.0150542750092857e-05,"{""alpha"": 0.1, ""beta"": 0.2, ""n_iter"": 60, ""lr"": 0.03}",,5,0.01831399999991845,0.1
bci_iv2a_real_s1,knn__k3,temporal_laplacian,0.2,1,1.009135969092783e-05,2.0863951167830662e-05,7.932835375273327,9.789304212116663e-05,"{""alpha"": 0.1, ""beta"": 0.5}",,5,1.5751851000004535,0.1
bci_iv2a_real_s1,knn__k3,tv,0.2,2,2.3802530444818205e-06,1.1598144018604061e-05,13.948666859355505,4.902279151316466e-05,"{""lam"": 0.1, ""n_iter"": 30}",,5,0.1526224999997794,0.1
bci_iv2a_real_s1,knn__k3,graph_time_tikhonov,0.2,2,5.672511703554942e-06,1.2587481170852389e-05,12.327962378255455,5.572261125083174e-05,"{""alpha"": 0.1, ""beta"": 0.1}",,5,0.008684399999765446,0.1
bci_iv2a_real_s1,knn__k3,trss,0.2,2,7.454416555668075e-07,3.2836449946246416e-06,22.94510016909887,1.8388351976419643e-05,"{""alpha"": 0.1, ""beta"": 0.2, ""n_iter"": 60, ""lr"": 0.03}",,5,0.01708969999981491,0.1
bci_iv2a_real_s1,knn__k3,temporal_laplacian,0.2,2,1.0009092577611012e-05,2.0264787601071585e-05,7.925941696450785,9.883551046918473e-05,"{""alpha"": 0.1, ""beta"": 0.5}",,5,1.3508819999997286,0.1
bci_iv2a_real_s1,knn__k3,tv,0.2,3,2.388314174005216e-06,1.2349371388232052e-05,13.903414460178048,4.3806614889150305e-05,"{""lam"": 0.1, ""n_iter"": 30}",,5,0.1520737000000736,0.1
bci_iv2a_real_s1,knn__k3,graph_time_tikhonov,0.2,3,5.697168189134179e-06,1.3205893726734768e-05,12.222117846619833,5.453310582605385e-05,"{""alpha"": 0.1, ""beta"": 0.1}",,5,0.008330300000125135,0.1
bci_iv2a_real_s1,knn__k3,trss,0.2,3,8.16522413566515e-07,3.987732485552772e-06,22.259667242698086,2.033480471544558e-05,"{""alpha"": 0.1, ""beta"": 0.2, ""n_iter"": 60, ""lr"": 0.03}",,5,0.017391899999893212,0.1
bci_iv2a_real_s1,knn__k3,temporal_laplacian,0.2,3,1.0043272528289539e-05,2.0637772011882335e-05,7.878690743247787,9.803710994214867e-05,"{""alpha"": 0.1, ""beta"": 0.5}",,5,1.4019239999997808,0.1
bci_iv2a_real_s1,knn__k3,tv,0.2,0,2.446397920558573e-06,1.1468691242719927e-05,13.788131102478566,4.948324028905861e-05,"{""lam"": 0.2, ""n_iter"": 30}",,5,0.17365180000069813,0.2
bci_iv2a_real_s1,knn__k3,graph_time_tikhonov,0.2,0,7.351829526126939e-06,1.501078336137189e-05,11.001694819337635,6.451262504936972e-05,"{""alpha"": 0.2, ""beta"": 0.1}",,5,0.007879400000092573,0.2
bci_iv2a_real_s1,knn__k3,trss,0.2,0,1.021044197379085e-06,4.464980227291027e-06,20.98013563871318,2.2936087794388162e-05,"{""alpha"": 0.2, ""beta"": 0.2, ""n_iter"": 60, ""lr"": 0.03}",,5,0.017362800000228162,0.2
bci_iv2a_real_s1,knn__k3,temporal_laplacian,0.2,0,1.1860762552288486e-05,2.251007317834384e-05,5.727547251270959,0.00012015758741451675,"{""alpha"": 0.2, ""beta"": 0.5}",,5,1.3383437000002232,0.2
bci_iv2a_real_s1,knn__k3,tv,0.2,1,2.491105911576398e-06,1.2880343713362802e-05,13.940008516458258,5.331890533943345e-05,"{""lam"": 0.2, ""n_iter"": 30}",,5,0.14905470000030618,0.2
bci_iv2a_real_s1,knn__k3,graph_time_tikhonov,0.2,1,7.335476548130298e-06,1.593523656252994e-05,11.03130196918129,6.622961057646124e-05,"{""alpha"": 0.2, ""beta"": 0.1}",,5,0.009033199999976205,0.2
bci_iv2a_real_s1,knn__k3,trss,0.2,1,1.0869844250018938e-06,5.550509382163928e-06,20.699497664837644,2.5195618850878805e-05,"{""alpha"": 0.2, ""beta"": 0.2, ""n_iter"": 60, ""lr"": 0.03}",,5,0.017159399999400193,0.2
bci_iv2a_real_s1,knn__k3,temporal_laplacian,0.2,1,1.1875466122536139e-05,2.3092457421371053e-05,5.700520399485403,0.0001227515891257545,"{""alpha"": 0.2, ""beta"": 0.5}",,5,1.3404318000002604,0.2
bci_iv2a_real_s1,knn__k3,tv,0.2,2,2.38044574762275e-06,1.1598571665351465e-05,13.94739694285248,4.902734048861914e-05,"{""lam"": 0.2, ""n_iter"": 30}",,5,0.15225250000003143,0.2
bci_iv2a_real_s1,knn__k3,graph_time_tikhonov,0.2,2,7.3034011878671165e-06,1.5127237573684888e-05,11.056793188110069,6.51397929410541e-05,"{""alpha"": 0.2, ""beta"": 0.1}",,5,0.007893299999523151,0.2
bci_iv2a_real_s1,knn__k3,trss,0.2,2,1.0197913993312782e-06,4.605850712365899e-06,20.786969161665272,2.217476628363456e-05,"{""alpha"": 0.2, ""beta"": 0.2, ""n_iter"": 60, ""lr"": 0.03}",,5,0.019147099999827333,0.2
bci_iv2a_real_s1,knn__k3,temporal_laplacian,0.2,2,1.1825323867844606e-05,2.26010973806906e-05,5.687905304301445,0.00012369040310598978,"{""alpha"": 0.2, ""beta"": 0.5}",,5,1.4029665999996723,0.2
bci_iv2a_real_s1,knn__k3,tv,0.2,3,2.3884426961878716e-06,1.2349624132756387e-05,13.902361469442932,4.380961304947006e-05,"{""lam"": 0.2, ""n_iter"": 30}",,5,0.17798370000036812,0.2
bci_iv2a_real_s1,knn__k3,graph_time_tikhonov,0.2,3,7.327948293250745e-06,1.5596431699269093e-05,10.987666534164596,6.517350434783537e-05,"{""alpha"": 0.2, ""beta"": 0.1}",,5,0.008406300000388,0.2
bci_iv2a_real_s1,knn__k3,trss,0.2,3,1.083724959032515e-06,5.360265006381095e-06,20.251735326432684,2.3805984411241125e-05,"{""alpha"": 0.2, ""beta"": 0.2, ""n_iter"": 60, ""lr"": 0.03}",,5,0.018205700000180514,0.2
bci_iv2a_real_s1,knn__k3,temporal_laplacian,0.2,3,1.184323635044763e-05,2.2887474224211928e-05,5.659550556318749,0.0001235881287171895,"{""alpha"": 0.2, ""beta"": 0.5}",,5,1.4348961000005147,0.2
bci_iv2a_real_s1,knn__k3,tv,0.2,0,2.446497789341509e-06,1.1468913837095626e-05,13.787474484197498,4.948545248786249e-05,"{""lam"": 0.4, ""n_iter"": 30}",,5,0.15361070000017207,0.4
bci_iv2a_real_s1,knn__k3,graph_time_tikhonov,0.2,0,9.25368661473749e-06,1.8527238197865502e-05,9.527675823404323,7.820164354934124e-05,"{""alpha"": 0.4, ""beta"": 0.1}",,5,0.008214700000280573,0.4
bci_iv2a_real_s1,knn__k3,trss,0.2,0,1.3742714836218735e-06,6.1256537757329785e-06,18.634035278601825,2.8929162819606373e-05,"{""alpha"": 0.4, ""beta"": 0.2, ""n_iter"": 60, ""lr"": 0.03}",,5,0.017081400000279245,0.4
bci_iv2a_real_s1,knn__k3,temporal_laplacian,0.2,0,1.4037667488098464e-05,2.559060186603695e-05,3.729279899179096,0.00014942106416910658,"{""alpha"": 0.4, ""beta"": 0.5}",,5,1.3351927999992768,0.4
bci_iv2a_real_s1,knn__k3,tv,0.2,1,2.491200348944406e-06,1.288053912046444e-05,13.939441830837003,5.332067511180899e-05,"{""lam"": 0.4, ""n_iter"": 30}",,5,0.15094810000027792,0.4
bci_iv2a_real_s1,knn__k3,graph_time_tikhonov,0.2,1,9.205102310536864e-06,1.9163683755524662e-05,9.590793340644717,8.014514409201706e-05,"{""alpha"": 0.4, ""beta"": 0.1}",,5,0.008794899999884365,0.4
bci_iv2a_real_s1,knn__k3,trss,0.2,1,1.449822824419416e-06,7.39691025915205e-06,18.41866699222576,3.175679320142369e-05,"{""alpha"": 0.4, ""beta"": 0.2, ""n_iter"": 60, ""lr"": 0.03}",,5,0.016608300000370946,0.4
bci_iv2a_real_s1,knn__k3,temporal_laplacian,0.2,1,1.4042584096824293e-05,2.6033659631080233e-05,3.7252644831924258,0.0001509254421250651,"{""alpha"": 0.4, ""beta"": 0.5}",,5,1.7516486999993504,0.4
bci_iv2a_real_s1,knn__k3,tv,0.2,2,2.380542214482587e-06,1.159878586886709e-05,13.94676071602877,4.902962097907288e-05,"{""lam"": 0.4, ""n_iter"": 30}",,5,0.1482741999998325,0.4
bci_iv2a_real_s1,knn__k3,graph_time_tikhonov,0.2,2,9.210799096876251e-06,1.86065699688109e-05,9.585810150961287,7.967970675441051e-05,"{""alpha"": 0.4, ""beta"": 0.1}",,5,0.007968900000378198,0.4
bci_iv2a_real_s1,knn__k3,trss,0.2,2,1.373215813420357e-06,6.3112024610034925e-06,18.50276351714496,2.8431157482523508e-05,"{""alpha"": 0.4, ""beta"": 0.2, ""n_iter"": 60, ""lr"": 0.03}",,5,0.016853699999956007,0.4
bci_iv2a_real_s1,knn__k3,temporal_laplacian,0.2,2,1.4020472157876686e-05,2.5670356913673177e-05,3.7087895506197572,0.00015252743322258653,"{""alpha"": 0.4, ""beta"": 0.5}",,5,1.4299099000008937,0.4
bci_iv2a_real_s1,knn__k3,tv,0.2,3,2.3885070333435096e-06,1.2349750755792438e-05,13.901833874560232,4.381111707115143e-05,"{""lam"": 0.4, ""n_iter"": 30}",,5,0.1501231000002008,0.4
bci_iv2a_real_s1,knn__k3,graph_time_tikhonov,0.2,3,9.238603047280449e-06,1.8924318196868753e-05,9.542880695914153,7.957540088493963e-05,"{""alpha"": 0.4, ""beta"": 0.1}",,5,0.007977999999638996,0.4
bci_iv2a_real_s1,knn__k3,trss,0.2,3,1.4231330068205287e-06,7.110191988026568e-06,18.137073452725247,2.796553822580717e-05,"{""alpha"": 0.4, ""beta"": 0.2, ""n_iter"": 60, ""lr"": 0.03}",,5,0.016025700000682264,0.4
bci_iv2a_real_s1,knn__k3,temporal_laplacian,0.2,3,1.4016843695939398e-05,2.5864457691815083e-05,3.6986498696016326,0.00015262289702585075,"{""alpha"": 0.4, ""beta"": 0.5}",,5,1.328198500000326,0.4
iv100hz_mat,knn__k3,tv,0.2,0,38.28267622707357,127.78598976574757,10.865398531355623,735.2833340545438,"{""lam"": 0.05, ""n_iter"": 30}",,5,0.1439557000003333,0.05
iv100hz_mat,knn__k3,graph_time_tikhonov,0.2,0,80.49160201348253,139.69895546055827,10.978352607777376,786.7873741030279,"{""alpha"": 0.05, ""beta"": 0.1}",,5,0.0077547999999296735,0.05
iv100hz_mat,knn__k3,trss,0.2,0,9.738386416195276,32.32677305341962,21.006263911486442,235.91232907420795,"{""alpha"": 0.05, ""beta"": 0.2, ""n_iter"": 60, ""lr"": 0.03}",,5,0.01629049999974086,0.05
iv100hz_mat,knn__k3,temporal_laplacian,0.2,0,154.14681683823406,208.28522398458367,10.26567907387741,1089.2353092996443,"{""alpha"": 0.05, ""beta"": 0.5}",,5,1.3454905000007784,0.05
iv100hz_mat,knn__k3,tv,0.2,1,41.83515498962335,139.67277926400078,10.61216358889285,799.5919727060647,"{""lam"": 0.05, ""n_iter"": 30}",,5,0.1452567000005729,0.05
iv100hz_mat,knn__k3,graph_time_tikhonov,0.2,1,81.02203957822425,139.47270037339953,10.921437598374467,798.4496210954436,"{""alpha"": 0.05, ""beta"": 0.1}",,5,0.00794080000014219,0.05
iv100hz_mat,knn__k3,trss,0.2,1,9.82790952061133,32.531781364913726,21.029158452017302,221.56168247365756,"{""alpha"": 0.05, ""beta"": 0.2, ""n_iter"": 60, ""lr"": 0.03}",,5,0.017781900000045425,0.05
iv100hz_mat,knn__k3,temporal_laplacian,0.2,1,154.11574177377716,207.17892636719412,10.367791394055084,1071.6403192019873,"{""alpha"": 0.05, ""beta"": 0.5}",,5,1.3874845000000278,0.05
iv100hz_mat,knn__k3,tv,0.2,2,44.676499911729664,143.64772795518792,9.613586450893726,869.7542423400647,"{""lam"": 0.05, ""n_iter"": 30}",,5,0.14618030000019644,0.05
iv100hz_mat,knn__k3,graph_time_tikhonov,0.2,2,81.76890534643414,142.0591228387111,10.87235706522368,829.336028633204,"{""alpha"": 0.05, ""beta"": 0.1}",,5,0.007724000000052911,0.05
iv100hz_mat,knn__k3,trss,0.2,2,9.808061634829334,31.51119920062228,20.852414837306963,248.6529465099707,"{""alpha"": 0.05, ""beta"": 0.2, ""n_iter"": 60, ""lr"": 0.03}",,5,0.017365499999868916,0.05
iv100hz_mat,knn__k3,temporal_laplacian,0.2,2,154.0004444563871,208.1707302215597,10.261041560064383,1094.8120512772957,"{""alpha"": 0.05, ""beta"": 0.5}",,5,1.373875300000691,0.05
iv100hz_mat,knn__k3,tv,0.2,3,39.4278952648672,135.01809017870008,10.367672446496789,807.2615490619318,"{""lam"": 0.05, ""n_iter"": 30}",,5,0.14382719999957772,0.05
iv100hz_mat,knn__k3,graph_time_tikhonov,0.2,3,80.13024944107437,139.5518382818147,10.909874027417876,818.1364077812823,"{""alpha"": 0.05, ""beta"": 0.1}",,5,0.007756699999845296,0.05
iv100hz_mat,knn__k3,trss,0.2,3,9.969970932977132,33.11855005631189,20.65339642078956,242.50080468038274,"{""alpha"": 0.05, ""beta"": 0.2, ""n_iter"": 60, ""lr"": 0.03}",,5,0.0168576000005487,0.05
iv100hz_mat,knn__k3,temporal_laplacian,0.2,3,153.59692327915937,206.69572288818918,10.382876540719721,1065.56434960818,"{""alpha"": 0.05, ""beta"": 0.5}",,5,1.6884968000003937,0.05
iv100hz_mat,knn__k3,tv,0.2,0,38.094960691557134,127.11039598936739,10.9085438778153,718.1107866209527,"{""lam"": 0.1, ""n_iter"": 30}",,5,0.20820240000011836,0.1
iv100hz_mat,knn__k3,graph_time_tikhonov,0.2,0,101.15031352182426,154.01533900040465,11.29278609905399,849.4084261845168,"{""alpha"": 0.1, ""beta"": 0.1}",,5,0.007909999999355932,0.1
iv100hz_mat,knn__k3,trss,0.2,0,13.900968898098114,44.56180390325003,18.70430989596561,308.829712977367,"{""alpha"": 0.1, ""beta"": 0.2, ""n_iter"": 60, ""lr"": 0.03}",,5,0.020854899999903864,0.1
iv100hz_mat,knn__k3,temporal_laplacian,0.2,0,162.1434601957478,218.34264657075494,9.24478588458742,1183.6518087819284,"{""alpha"": 0.1, ""beta"": 0.5}",,5,1.4540284999993673,0.1
iv100hz_mat,knn__k3,tv,0.2,1,40.84697762470424,131.5639437642261,10.589718103273041,750.6717166174946,"{""lam"": 0.1, ""n_iter"": 30}",,5,0.14871840000068914,0.1
iv100hz_mat,knn__k3,graph_time_tikhonov,0.2,1,101.76725447551858,153.7923848573071,11.234672747086393,848.6080634377578,"{""alpha"": 0.1, ""beta"": 0.1}",,5,0.009581799999978102,0.1
iv100hz_mat,knn__k3,trss,0.2,1,13.97022928055575,44.709216386565636,18.762260872946896,291.7062448358176,"{""alpha"": 0.1, ""beta"": 0.2, ""n_iter"": 60, ""lr"": 0.03}",,5,0.017150699999547214,0.1
iv100hz_mat,knn__k3,temporal_laplacian,0.2,1,162.0233723674425,217.3348137011259,9.34794877876737,1170.1463532928371,"{""alpha"": 0.1, ""beta"": 0.5}",,5,1.6201049999999668,0.1
iv100hz_mat,knn__k3,tv,0.2,2,41.61725002579463,135.2798656579251,10.217646991429575,810.82834576918,"{""lam"": 0.1, ""n_iter"": 30}",,5,0.15272159999949508,0.1
iv100hz_mat,knn__k3,graph_time_tikhonov,0.2,2,102.25852860515256,156.07572191767753,11.175887859133638,883.7226912611272,"{""alpha"": 0.1, ""beta"": 0.1}",,5,0.010201399999459682,0.1
iv100hz_mat,knn__k3,trss,0.2,2,14.135540356467763,43.694147558518246,18.554220367802728,314.8843341015532,"{""alpha"": 0.1, ""beta"": 0.2, ""n_iter"": 60, ""lr"": 0.03}",,5,0.016733800000110932,0.1
iv100hz_mat,knn__k3,temporal_laplacian,0.2,2,161.56074770445898,217.82508817291915,9.29931547363121,1175.7272900499345,"{""alpha"": 0.1, ""beta"": 0.5}",,5,1.4887014000005365,0.1
iv100hz_mat,knn__k3,tv,0.2,3,37.983436677770484,127.35459278436832,10.486525588318846,776.3147738780835,"{""lam"": 0.1, ""n_iter"": 30}",,5,0.14883819999977277,0.1
iv100hz_mat,knn__k3,graph_time_tikhonov,0.2,3,100.89110643038808,153.67654300036287,11.240664942513211,861.4516993312373,"{""alpha"": 0.1, ""beta"": 0.1}",,5,0.008288799999718321,0.1
iv100hz_mat,knn__k3,trss,0.2,3,14.017574836930084,45.554749139311255,18.500116133747273,312.53740703674896,"{""alpha"": 0.1, ""beta"": 0.2, ""n_iter"": 60, ""lr"": 0.03}",,5,0.016917699999794422,0.1
iv100hz_mat,knn__k3,temporal_laplacian,0.2,3,161.2621188515437,216.40621238625434,9.386794810754038,1162.4589580618203,"{""alpha"": 0.1, ""beta"": 0.5}",,5,1.3755578000000241,0.1
iv100hz_mat,knn__k3,tv,0.2,0,40.71915472382675,139.77117259519753,10.545852921522293,775.3517757039626,"{""lam"": 0.2, ""n_iter"": 30}",,5,0.1483263000000079,0.2
iv100hz_mat,knn__k3,graph_time_tikhonov,0.2,0,128.6199373409066,178.4731743235886,11.566791885845241,947.3895247906395,"{""alpha"": 0.2, ""beta"": 0.1}",,5,0.007990000000063446,0.2
iv100hz_mat,knn__k3,trss,0.2,0,20.4396757332306,64.20238631265234,15.903022033884596,418.0804254175163,"{""alpha"": 0.2, ""beta"": 0.2, ""n_iter"": 60, ""lr"": 0.03}",,5,0.01704929999959859,0.2
iv100hz_mat,knn__k3,temporal_laplacian,0.2,0,176.3884509602391,235.79596698903242,7.791685684725183,1341.4736672761583,"{""alpha"": 0.2, ""beta"": 0.5}",,5,1.4552031000002899,0.2
iv100hz_mat,knn__k3,tv,0.2,1,40.39220830305069,135.1305102356041,10.64680804678728,778.9142720679315,"{""lam"": 0.2, ""n_iter"": 30}",,5,0.14500979999957053,0.2
iv100hz_mat,knn__k3,graph_time_tikhonov,0.2,1,129.29436926628128,178.27288297814445,11.507864599878431,933.471135513801,"{""alpha"": 0.2, ""beta"": 0.1}",,5,0.0077848000000813045,0.2
iv100hz_mat,knn__k3,trss,0.2,1,20.618564939128014,64.18622507725026,16.00111175575682,402.79892049181984,"{""alpha"": 0.2, ""beta"": 0.2, ""n_iter"": 60, ""lr"": 0.03}",,5,0.017658400000073016,0.2
iv100hz_mat,knn__k3,temporal_laplacian,0.2,1,176.2543904623497,235.10373124666776,7.850726174862953,1329.4131971712802,"{""alpha"": 0.2, ""beta"": 0.5}",,5,2.190926899999795,0.2
iv100hz_mat,knn__k3,tv,0.2,2,43.311027140640924,138.39806382677315,9.908741817412123,854.7613588981422,"{""lam"": 0.2, ""n_iter"": 30}",,5,0.17776800000046933,0.2
iv100hz_mat,knn__k3,graph_time_tikhonov,0.2,2,129.52811863305635,179.99722984645885,11.440926098966811,974.3009397698992,"{""alpha"": 0.2, ""beta"": 0.1}",,5,0.007965699999658682,0.2
iv100hz_mat,knn__k3,trss,0.2,2,20.87837540952581,63.43815746349072,15.814467131005102,421.71097132102517,"{""alpha"": 0.2, ""beta"": 0.2, ""n_iter"": 60, ""lr"": 0.03}",,5,0.018047600000500097,0.2
iv100hz_mat,knn__k3,temporal_laplacian,0.2,2,175.65406877546084,234.9904151765074,7.863223980881471,1327.6214915601429,"{""alpha"": 0.2, ""beta"": 0.5}",,5,1.3578926999998657,0.2
iv100hz_mat,knn__k3,tv,0.2,3,34.03630847905338,119.663526440213,11.416027353080601,695.956362858392,"{""lam"": 0.2, ""n_iter"": 30}",,5,0.14294820000031905,0.2
iv100hz_mat,knn__k3,graph_time_tikhonov,0.2,3,128.49797651009547,177.98206792441633,11.534163975235428,947.5937000677092,"{""alpha"": 0.2, ""beta"": 0.1}",,5,0.008841300000312913,0.2
iv100hz_mat,knn__k3,trss,0.2,3,20.399384343934297,64.9199692203463,15.829953523920892,417.2882084028876,"{""alpha"": 0.2, ""beta"": 0.2, ""n_iter"": 60, ""lr"": 0.03}",,5,0.016029700000217417,0.2
iv100hz_mat,knn__k3,temporal_laplacian,0.2,3,175.3171666435035,233.8018490314183,7.911244780697285,1331.1916562163012,"{""alpha"": 0.2, ""beta"": 0.5}",,5,1.3490725999999995,0.2
iv100hz_mat,knn__k3,tv,0.2,0,39.429061432271965,133.80398584272103,10.797522327304742,729.3993200021418,"{""lam"": 0.4, ""n_iter"": 30}",,5,0.1442735000000539,0.4
iv100hz_mat,knn__k3,graph_time_tikhonov,0.2,0,158.01610794693588,209.39439042142666,11.702863968117969,1054.8943695068428,"{""alpha"": 0.4, ""beta"": 0.1}",,5,0.008581900000535825,0.4
iv100hz_mat,knn__k3,trss,0.2,0,28.051151763363617,86.89788544821134,13.48557021819434,540.9242013501845,"{""alpha"": 0.4, ""beta"": 0.2, ""n_iter"": 60, ""lr"": 0.03}",,5,0.017213600000104634,0.4
iv100hz_mat,knn__k3,temporal_laplacian,0.2,0,195.41152133689792,258.86269080116534,6.292342791773874,1551.74824594691,"{""alpha"": 0.4, ""beta"": 0.5}",,5,1.6026357000000644,0.4
iv100hz_mat,knn__k3,tv,0.2,1,39.75585962748623,133.8547912815253,10.712852882581975,757.2672659530258,"{""lam"": 0.4, ""n_iter"": 30}",,5,0.25941429999966203,0.4
iv100hz_mat,knn__k3,graph_time_tikhonov,0.2,1,158.6695153029173,209.21127745787157,11.64944760229315,1049.2867276573013,"{""alpha"": 0.4, ""beta"": 0.1}",,5,0.013069399999949383,0.4
iv100hz_mat,knn__k3,trss,0.2,1,28.37116352365443,86.81523821788872,13.54802141053628,529.1811116214709,"{""alpha"": 0.4, ""beta"": 0.2, ""n_iter"": 60, ""lr"": 0.03}",,5,0.026349699999627774,0.4
iv100hz_mat,knn__k3,temporal_laplacian,0.2,1,195.55427320781848,258.57695624344177,6.30576732557306,1539.7495022073751,"{""alpha"": 0.4, ""beta"": 0.5}",,5,2.2556367999995928,0.4
iv100hz_mat,knn__k3,tv,0.2,2,43.88136942969236,141.2494124169997,9.920741167938205,860.2130601833284,"{""lam"": 0.4, ""n_iter"": 30}",,5,0.4266854000006788,0.4
iv100hz_mat,knn__k3,graph_time_tikhonov,0.2,2,158.65640033620923,210.3039677713827,11.584566818620653,1077.6015198547973,"{""alpha"": 0.4, ""beta"": 0.1}",,5,0.02309120000063558,0.4
iv100hz_mat,knn__k3,trss,0.2,2,28.799766205005447,86.99517026821454,13.395814137620272,551.6068252482427,"{""alpha"": 0.4, ""beta"": 0.2, ""n_iter"": 60, ""lr"": 0.03}",,5,0.02596689999973023,0.4
iv100hz_mat,knn__k3,temporal_laplacian,0.2,2,194.71855236705548,257.9472253814138,6.35375100565319,1529.6703465294568,"{""alpha"": 0.4, ""beta"": 0.5}",,5,2.0616081999996823,0.4
iv100hz_mat,knn__k3,tv,0.2,3,40.32965464019267,136.7590165133604,10.149152560424755,814.2007184164282,"{""lam"": 0.4, ""n_iter"": 30}",,5,0.4585923000004186,0.4
iv100hz_mat,knn__k3,graph_time_tikhonov,0.2,3,158.05069064517156,208.86580908167105,11.682994994669906,1054.0113422463312,"{""alpha"": 0.4, ""beta"": 0.1}",,5,0.022016800000528747,0.4
iv100hz_mat,knn__k3,trss,0.2,3,27.905309989137987,87.31596358823194,13.436879499095562,545.5054536757858,"{""alpha"": 0.4, ""beta"": 0.2, ""n_iter"": 60, ""lr"": 0.03}",,5,0.027512499999829743,0.4
iv100hz_mat,knn__k3,temporal_laplacian,0.2,3,194.4396544721045,257.12059580099543,6.370643843599505,1537.7087975686306,"{""alpha"": 0.4, ""beta"": 0.5}",,5,2.2039879000003566,0.4
